date,symbol,reported_currency,cik,filling_date,accepted_date,calendar_year,period,net_income,depreciation_and_amortization,deferred_income_tax,stock_based_compensation,change_in_working_capital,accounts_receivables,inventory,accounts_payables,other_working_capital,other_non_cash_items,net_cash_provided_by_operating_activities,investments_in_property_plant_and_equipment,acquisitions_net,purchases_of_investments,sales_maturities_of_investments,other_investing_activites,net_cash_used_for_investing_activites,debt_repayment,common_stock_issued,common_stock_repurchased,dividends_paid,other_financing_activites,net_cash_used_provided_by_financing_activities,effect_of_forex_changes_on_cash,net_change_in_cash,cash_at_end_of_period,cash_at_beginning_of_period,operating_cash_flow,capital_expenditure,free_cash_flow,link,final_link
2024-12-31,GS,USD,0000886982,2025-02-27,2025-02-27 08:50:25,2024,FY,14276000000,2392000000,-800000000,2663000000,-33091000000,0,0,0,-33091000000,1348000000,-13212000000,-2091000000,3622000000,-92096000000,56373000000,-15432000000,-49624000000,10581000000,4239000000,-10200000000,-4497000000,7200000000,7323000000,-3972000000,-59485000000,182092000000,241577000000,-13212000000,-2091000000,-15303000000,https://www.sec.gov/Archives/edgar/data/886982/000088698225000005/0000886982-25-000005-index.htm,https://www.sec.gov/Archives/edgar/data/886982/000088698225000005/gs-20241231.htm
2023-12-31,GS,USD,0000886982,2024-02-28,2024-02-27 21:46:02,2023,FY,8516000000,4856000000,-1360000000,2085000000,-27712000000,0,0,0,-27712000000,1028000000,-12587000000,-2316000000,487000000,-40256000000,26848000000,-2075000000,-17312000000,-4713000000,1496000000,-6796000000,-4189000000,42002000000,27800000000,1851000000,-248000000,241577000000,241825000000,-12587000000,-2316000000,-14903000000,https://www.sec.gov/Archives/edgar/data/886982/000088698224000012/0000886982-24-000012-index.htm,https://www.sec.gov/Archives/edgar/data/886982/000088698224000012/gs-20231231.htm
2022-12-31,GS,USD,0000886982,2023-02-24,2023-02-23 19:58:16,2022,FY,11261000000,2455000000,-2412000000,4083000000,-9394000000,35014000000,0,0,-44408000000,2715000000,8708000000,-3748000000,-2115000000,-60536000000,12961000000,-22522000000,-75960000000,38147000000,0,-3500000000,-3682000000,28637000000,59602000000,-11561000000,-19211000000,241825000000,261036000000,8708000000,-3748000000,4960000000,https://www.sec.gov/Archives/edgar/data/886982/000088698223000003/0000886982-23-000003-index.htm,https://www.sec.gov/Archives/edgar/data/886982/000088698223000003/gs-20221231.htm
2021-12-31,GS,USD,0000886982,2022-02-25,2022-02-24 21:09:11,2021,FY,21635000000,2015000000,5000000,2553000000,-27027000000,21971000000,0,0,-48998000000,7117000000,6298000000,-4667000000,3933000000,-39912000000,45701000000,-35520000000,-30465000000,39131000000,2172000000,-7875000000,-2725000000,104517000000,134738000000,-5377000000,105194000000,261036000000,155842000000,6298000000,-4667000000,1631000000,https://www.sec.gov/Archives/edgar/data/886982/000119312522052682/0001193125-22-052682-index.htm,https://www.sec.gov/Archives/edgar/data/886982/000119312522052682/d192225d10k.htm
2020-12-31,GS,USD,0000886982,2021-02-22,2021-02-19 21:16:45,2020,FY,9459000000,1902000000,-833000000,1920000000,2810000000,-30895000000,0,0,33705000000,-33793000000,-18535000000,-6309000000,-231000000,-48670000000,29057000000,-8203000000,-34356000000,6703000000,349000000,-2278000000,-2336000000,67941000000,70380000000,4807000000,22296000000,155842000000,133546000000,-18535000000,-6309000000,-24844000000,https://www.sec.gov/Archives/edgar/data/886982/000119312521049380/0001193125-21-049380-index.htm,https://www.sec.gov/Archives/edgar/data/886982/000119312521049380/d39654d10k.htm
2025-06-30,MSFT,USD,0000789019,2025-07-30,2025-07-30 16:11:40,2025,FY,101832000000,34153000000,-7056000000,11974000000,-5350000000,-10581000000,309000000,569000000,4353000000,609000000,136162000000,-64551000000,-5978000000,-29775000000,25388000000,2317000000,-72599000000,-8962000000,2056000000,-18420000000,-24082000000,-2291000000,-51699000000,63000000,11927000000,30242000000,18315000000,136162000000,-64551000000,71611000000,https://www.sec.gov/Archives/edgar/data/789019/000095017025100235/0000950170-25-100235-index.htm,https://www.sec.gov/Archives/edgar/data/789019/000095017025100235/msft-20250630.htm
2024-06-30,MSFT,USD,0000789019,2024-07-30,2024-07-30 16:06:22,2024,FY,88136000000,22287000000,-4738000000,10734000000,1824000000,-7191000000,1284000000,3545000000,4186000000,305000000,118548000000,-44477000000,-69132000000,-17732000000,35669000000,-1298000000,-96970000000,575000000,2002000000,-17254000000,-21771000000,-1309000000,-37757000000,-210000000,-16389000000,18315000000,34704000000,118548000000,-44477000000,74071000000,https://www.sec.gov/Archives/edgar/data/789019/000095017024087843/0000950170-24-087843-index.htm,https://www.sec.gov/Archives/edgar/data/789019/000095017024087843/msft-20240630.htm
2023-06-30,MSFT,USD,0000789019,2023-07-27,2023-07-27 16:01:56,2023,FY,72361000000,13861000000,-6059000000,9611000000,-2388000000,-4087000000,1242000000,-2721000000,3178000000,196000000,87582000000,-28107000000,-1670000000,-37651000000,47864000000,-3116000000,-22680000000,-2750000000,1866000000,-22245000000,-19800000000,-1006000000,-43935000000,-194000000,20773000000,34704000000,13931000000,87582000000,-28107000000,59475000000,https://www.sec.gov/Archives/edgar/data/789019/000095017023035122/0000950170-23-035122-index.htm,https://www.sec.gov/Archives/edgar/data/789019/000095017023035122/msft-20230630.htm
2022-06-30,MSFT,USD,0000789019,2022-07-28,2022-07-28 16:06:19,2022,FY,72738000000,14460000000,-5702000000,7502000000,446000000,-6834000000,-1123000000,2943000000,5460000000,-409000000,89035000000,-23886000000,-22038000000,-26456000000,44894000000,-2825000000,-30311000000,-9023000000,1841000000,-32696000000,-18135000000,-863000000,-58876000000,-141000000,-293000000,13931000000,14224000000,89035000000,-23886000000,65149000000,https://www.sec.gov/Archives/edgar/data/789019/000156459022026876/0001564590-22-026876-index.htm,https://www.sec.gov/Archives/edgar/data/789019/000156459022026876/msft-10k_20220630.htm
2021-06-30,MSFT,USD,0000789019,2021-07-29,2021-07-29 16:21:55,2021,FY,61271000000,11686000000,-150000000,6118000000,-936000000,-6481000000,-737000000,2798000000,3484000000,-1249000000,76740000000,-20622000000,-8909000000,-62924000000,65800000000,-922000000,-27577000000,-3750000000,1693000000,-27385000000,-16521000000,-2523000000,-48486000000,-29000000,648000000,14224000000,13576000000,76740000000,-20622000000,56118000000,https://www.sec.gov/Archives/edgar/data/789019/000156459021039151/0001564590-21-039151-index.htm,https://www.sec.gov/Archives/edgar/data/789019/000156459021039151/msft-10k_20210630.htm
2024-12-31,CAT,USD,0000018230,2025-02-14,2025-02-14 09:36:30,2024,FY,10788000000,2153000000,-621000000,0,-859000000,-160000000,-414000000,-282000000,-3000000,574000000,12035000000,-3215000000,-61000000,-1529000000,3094000000,-742000000,-2453000000,799000000,20000000,-7697000000,-2646000000,-41000000,-9565000000,-106000000,-89000000,6889000000,6978000000,12035000000,-3215000000,8820000000,https://www.sec.gov/Archives/edgar/data/18230/000001823025000008/0000018230-25-000008-index.htm,https://www.sec.gov/Archives/edgar/data/18230/000001823025000008/cat-20241231.htm
2023-12-31,CAT,USD,0000018230,2024-02-16,2024-02-16 10:05:13,2023,FY,10332000000,2144000000,-592000000,0,151000000,-437000000,-364000000,-754000000,1706000000,850000000,12885000000,-3092000000,-4000000,-4405000000,1891000000,-261000000,-5871000000,594000000,12000000,-4975000000,-2563000000,0,-6932000000,-108000000,-26000000,6978000000,7004000000,12885000000,-3092000000,9793000000,https://www.sec.gov/Archives/edgar/data/18230/000001823024000009/0000018230-24-000009-index.htm,https://www.sec.gov/Archives/edgar/data/18230/000001823024000009/cat-20231231.htm
2022-12-31,CAT,USD,0000018230,2023-02-15,2023-02-15 10:27:56,2022,FY,6704000000,2219000000,-377000000,0,-1800000000,-220000000,-2589000000,798000000,211000000,1020000000,7766000000,-2599000000,1000000,-3165000000,2383000000,839000000,-2541000000,-652000000,51000000,-4230000000,-2440000000,-10000000,-7281000000,-194000000,-2250000000,7004000000,9254000000,7766000000,-2599000000,5167000000,https://www.sec.gov/Archives/edgar/data/18230/000001823023000011/0000018230-23-000011-index.htm,https://www.sec.gov/Archives/edgar/data/18230/000001823023000011/cat-20221231.htm
2021-12-31,CAT,USD,0000018230,2022-02-16,2022-02-16 10:50:47,2021,FY,6493000000,2352000000,-383000000,0,-647000000,-1259000000,-2586000000,2041000000,1157000000,-617000000,7198000000,-2472000000,36000000,-2256000000,785000000,823000000,-3084000000,681000000,135000000,-2668000000,-2332000000,-4000000,-4188000000,-38000000,-112000000,9254000000,9366000000,7198000000,-2472000000,4726000000,https://www.sec.gov/Archives/edgar/data/18230/000001823022000050/0000018230-22-000050-index.htm,https://www.sec.gov/Archives/edgar/data/18230/000001823022000050/cat-20211231.htm
2020-12-31,CAT,USD,0000018230,2021-02-17,2021-02-17 10:41:38,2020,FY,3003000000,2432000000,-74000000,0,-417000000,1442000000,-34000000,98000000,-1923000000,1383000000,6327000000,-2115000000,25000000,-749000000,345000000,1009000000,-1485000000,-610000000,229000000,-1130000000,-2243000000,-1000000,-3755000000,-13000000,1074000000,9366000000,8292000000,6327000000,-2115000000,4212000000,https://www.sec.gov/Archives/edgar/data/18230/000001823021000063/0000018230-21-000063-index.htm,https://www.sec.gov/Archives/edgar/data/18230/000001823021000063/cat-20201231.htm
2025-02-02,HD,USD,0000354950,2025-03-21,2025-03-20 18:36:42,2024,FY,14806000000,3761000000,0,442000000,694000000,174000000,-743000000,518000000,745000000,107000000,19810000000,-3485000000,-17644000000,0,0,98000000,-21031000000,8790000000,395000000,-649000000,-8929000000,-301000000,-694000000,-186000000,-2101000000,1659000000,3760000000,19810000000,-3485000000,16325000000,https://www.sec.gov/Archives/edgar/data/354950/000035495025000085/0000354950-25-000085-index.htm,https://www.sec.gov/Archives/edgar/data/354950/000035495025000085/hd-20250202.htm
2024-01-28,HD,USD,0000354950,2024-03-13,2024-03-13 16:31:59,2023,FY,15143000000,3247000000,0,380000000,2088000000,134000000,4137000000,-1411000000,-772000000,314000000,21172000000,-3226000000,-1514000000,0,0,11000000,-4729000000,724000000,323000000,-7951000000,-8383000000,-156000000,-15443000000,3000000,1003000000,3760000000,2757000000,21172000000,-3226000000,17946000000,https://www.sec.gov/Archives/edgar/data/354950/000035495024000062/0000354950-24-000062-index.htm,https://www.sec.gov/Archives/edgar/data/354950/000035495024000062/hd-20240128.htm
2023-01-29,HD,USD,0000354950,2023-03-15,2023-03-15 16:22:15,2022,FY,17105000000,2975000000,0,366000000,-6102000000,111000000,-2830000000,-2577000000,-806000000,271000000,14615000000,-3119000000,0,0,0,-21000000,-3140000000,3416000000,264000000,-6696000000,-7789000000,-188000000,-10993000000,-68000000,414000000,2757000000,2343000000,14615000000,-3119000000,11496000000,https://www.sec.gov/Archives/edgar/data/354950/000035495023000059/0000354950-23-000059-index.htm,https://www.sec.gov/Archives/edgar/data/354950/000035495023000059/hd-20230129.htm
2022-01-30,HD,USD,0000354950,2022-03-23,2022-03-23 16:25:53,2021,FY,16433000000,2862000000,-276000000,399000000,-3319000000,-435000000,-5403000000,2401000000,118000000,472000000,16571000000,-2566000000,-421000000,0,0,18000000,-2969000000,2482000000,337000000,-14809000000,-6985000000,-145000000,-19120000000,-34000000,-5552000000,2343000000,7895000000,16571000000,-2566000000,14005000000,https://www.sec.gov/Archives/edgar/data/354950/000035495022000070/0000354950-22-000070-index.htm,https://www.sec.gov/Archives/edgar/data/354950/000035495022000070/hd-20220130.htm
2021-01-31,HD,USD,0000354950,2021-03-24,2021-03-24 16:46:14,2020,FY,12866000000,2519000000,-569000000,310000000,3023000000,-465000000,-1657000000,5118000000,27000000,690000000,18839000000,-2463000000,-7780000000,0,0,73000000,-10170000000,4087000000,326000000,-791000000,-6451000000,-154000000,-2983000000,76000000,5762000000,7895000000,2133000000,18839000000,-2463000000,16376000000,https://www.sec.gov/Archives/edgar/data/354950/000035495021000089/0000354950-21-000089-index.htm,https://www.sec.gov/Archives/edgar/data/354950/000035495021000089/hd-20210131.htm
2024-12-31,SHW,USD,0000089800,2025-02-20,2025-02-20 17:24:24,2024,FY,2681400000,624000000,-74900000,138100000,-503900000,-9900000,-32900000,21800000,-482900000,288500000,3153200000,-1070000000,-78900000,0,0,-47400000,-1196300000,272900000,0,-1738800000,-723400000,172200000,-2017100000,-6200000,-66400000,210400000,276800000,3153200000,-1070000000,2083200000,https://www.sec.gov/Archives/edgar/data/89800/000008980025000030/0000089800-25-000030-index.htm,https://www.sec.gov/Archives/edgar/data/89800/000008980025000030/shw-20241231.htm
2023-12-31,SHW,USD,0000089800,2024-02-20,2024-02-20 15:57:54,2023,FY,2388800000,622500000,-88900000,115900000,-192900000,111400000,323400000,-241100000,-386600000,676500000,3521900000,-888400000,-161000000,0,0,10100000,-1039300000,-433800000,0,-1432000000,-623700000,64900000,-2424600000,20000000,78000000,276800000,198800000,3521900000,-888400000,2633500000,https://www.sec.gov/Archives/edgar/data/89800/000008980024000033/0000089800-24-000033-index.htm,https://www.sec.gov/Archives/edgar/data/89800/000008980024000033/shw-20231231.htm
2022-12-31,SHW,USD,0000089800,2023-02-22,2023-02-22 15:39:08,2022,FY,2020100000,581100000,-144800000,99700000,-1150300000,-152600000,-666700000,46600000,-377600000,514100000,1919900000,-644500000,-1003100000,0,0,40000000,-1607600000,1153800000,22000000,-883200000,-618500000,43500000,-282400000,3200000,33100000,198800000,165700000,1919900000,-644500000,1275400000,https://www.sec.gov/Archives/edgar/data/89800/000008980023000007/0000089800-23-000007-index.htm,https://www.sec.gov/Archives/edgar/data/89800/000008980023000007/shw-20221231.htm
2021-12-31,SHW,USD,0000089800,2022-02-17,2022-02-17 16:32:56,2021,FY,1864400000,572600000,-80300000,97700000,-653300000,-326300000,-228100000,346100000,-445000000,443500000,2244600000,-372000000,-88400000,0,0,-16000000,-476400000,1324300000,11700000,-2752300000,-587100000,169400000,-1834000000,4900000,-60900000,165700000,226600000,2244600000,-372000000,1872600000,https://www.sec.gov/Archives/edgar/data/89800/000008980022000007/0000089800-22-000007-index.htm,https://www.sec.gov/Archives/edgar/data/89800/000008980022000007/shw-20211231.htm
2020-12-31,SHW,USD,0000089800,2021-02-19,2021-02-19 11:42:20,2020,FY,2030400000,581400000,-145300000,95900000,288000000,50900000,84400000,227200000,-74500000,558200000,3408600000,-303800000,0,-79300000,0,60700000,-322400000,-420300000,182400000,-2446300000,-488000000,152100000,-3020100000,-1300000,64800000,226600000,161800000,3408600000,-303800000,3104800000,https://www.sec.gov/Archives/edgar/data/89800/000008980021000010/0000089800-21-000010-index.htm,https://www.sec.gov/Archives/edgar/data/89800/000008980021000010/shw-20201231.htm
2024-09-30,V,USD,0001403161,2024-11-13,2024-11-13 17:14:01,2024,FY,19743000000,1034000000,-100000000,850000000,-15432000000,-237000000,0,109000000,-15304000000,13855000000,19950000000,-1257000000,-915000000,-4674000000,5013000000,-93000000,-1926000000,0,0,-16713000000,-4217000000,297000000,-20633000000,382000000,-2227000000,19763000000,21990000000,19950000000,-1257000000,18693000000,https://www.sec.gov/Archives/edgar/data/1403161/000140316124000058/0001403161-24-000058-index.htm,https://www.sec.gov/Archives/edgar/data/1403161/000140316124000058/v-20240930.htm
2023-09-30,V,USD,0001403161,2023-11-15,2023-11-15 16:07:14,2023,FY,17273000000,943000000,-483000000,765000000,-10022000000,-250000000,1208000000,34000000,-11014000000,12279000000,20755000000,-1059000000,0,-4484000000,3562000000,-25000000,-2006000000,-2250000000,0,-12101000000,-3751000000,330000000,-17772000000,636000000,1613000000,21990000000,20377000000,20755000000,-1059000000,19696000000,https://www.sec.gov/Archives/edgar/data/1403161/000140316123000099/0001403161-23-000099-index.htm,https://www.sec.gov/Archives/edgar/data/1403161/000140316123000099/v-20230930.htm
2022-09-30,V,USD,0001403161,2022-11-16,2022-11-16 16:06:43,2022,FY,14957000000,861000000,-336000000,602000000,-7657000000,-97000000,0,67000000,-7627000000,10422000000,18849000000,-970000000,-1948000000,-6083000000,4585000000,128000000,-4288000000,2218000000,0,-11589000000,-3203000000,-122000000,-12696000000,-1287000000,578000000,20377000000,19799000000,18849000000,-970000000,17879000000,https://www.sec.gov/Archives/edgar/data/1403161/000140316122000081/0001403161-22-000081-index.htm,https://www.sec.gov/Archives/edgar/data/1403161/000140316122000081/v-20220930.htm
2021-09-30,V,USD,0001403161,2021-11-18,2021-11-18 16:06:50,2021,FY,12311000000,804000000,873000000,542000000,-6702000000,-343000000,1063000000,88000000,-7510000000,7399000000,15227000000,-705000000,-75000000,-5182000000,5701000000,109000000,-152000000,-3000000000,0,-8676000000,-2798000000,64000000,-14410000000,-37000000,628000000,19799000000,19171000000,15227000000,-705000000,14522000000,https://www.sec.gov/Archives/edgar/data/1403161/000140316121000060/0001403161-21-000060-index.htm,https://www.sec.gov/Archives/edgar/data/1403161/000140316121000060/v-20210930.htm
2020-09-30,V,USD,0001403161,2020-11-19,2020-11-19 16:03:34,2020,FY,10866000000,767000000,307000000,416000000,-8398000000,-43000000,-295000000,21000000,-8081000000,6482000000,10440000000,-736000000,-77000000,-2342000000,4510000000,72000000,1427000000,7212000000,0,-8114000000,-2664000000,-402000000,-3968000000,440000000,8339000000,19171000000,10832000000,10440000000,-736000000,9704000000,https://www.sec.gov/Archives/edgar/data/1403161/000140316120000070/0001403161-20-000070-index.htm,https://www.sec.gov/Archives/edgar/data/1403161/000140316120000070/v-20200930.htm
2024-12-31,MCD,USD,0000063908,2025-02-25,2025-02-25 13:19:01,2024,FY,8223000000,2097000000,-574000000,172000000,-438000000,10000000,71000000,-10000000,-509000000,-33000000,9447000000,-2775000000,-2195000000,0,0,-376000000,-5346000000,-71000000,0,-2824000000,-4870000000,270000000,-7495000000,-101000000,-3494000000,1085000000,4579000000,9447000000,-2775000000,6672000000,https://www.sec.gov/Archives/edgar/data/63908/000006390825000012/0000063908-25-000012-index.htm,https://www.sec.gov/Archives/edgar/data/63908/000006390825000012/mcd-20241231.htm
2023-12-31,MCD,USD,0000063908,2024-02-22,2024-02-22 12:31:15,2023,FY,8469000000,1978200000,-686000000,175200000,-108000000,-161000000,16700000,50400000,-14100000,-216000000,9611900000,-2357400000,-246000000,0,0,-581200000,-3184500000,2992800000,0,-3054300000,-4532800000,220000000,-4374100000,-58000000,1995500000,4579300000,2583800000,9611900000,-2357400000,7254500000,https://www.sec.gov/Archives/edgar/data/63908/000006390824000072/0000063908-24-000072-index.htm,https://www.sec.gov/Archives/edgar/data/63908/000006390824000072/mcd-20231231.htm
2022-12-31,MCD,USD,0000063908,2023-02-24,2023-02-24 12:34:36,2022,FY,6177400000,1870600000,-345700000,167000000,-644600000,-264100000,5600000,31300000,-417400000,162300000,7386700000,-1899200000,-322200000,0,0,-456700000,-2678100000,1197600000,0,-3896000000,-4168200000,286400000,-6580200000,-253800000,-2125400000,2583800000,4709200000,7386700000,-1899200000,5487500000,https://www.sec.gov/Archives/edgar/data/63908/000006390823000012/0000063908-23-000012-index.htm,https://www.sec.gov/Archives/edgar/data/63908/000006390823000012/mcd-20221231.htm
2021-12-31,MCD,USD,0000063908,2022-02-24,2022-02-24 16:19:08,2021,FY,7545200000,1868100000,-428300000,139200000,454200000,309900000,-62200000,225000000,-18500000,-436900000,9141500000,-2040000000,-178000000,0,0,52300000,-2165700000,-1070500000,0,-845500000,-3918600000,239000000,-5595600000,-120100000,1260100000,4709200000,3449100000,9141500000,-2040000000,7101500000,https://www.sec.gov/Archives/edgar/data/63908/000006390822000011/0000063908-22-000011-index.htm,https://www.sec.gov/Archives/edgar/data/63908/000006390822000011/mcd-20211231.htm
2020-12-31,MCD,USD,0000063908,2021-02-23,2021-02-23 13:50:20,2020,FY,4730500000,1751400000,6400000,92400000,-212100000,-6800000,-68600000,-137500000,800000,-103400000,6265200000,-1640800000,37600000,0,0,57400000,-1545800000,2238200000,0,-907800000,-3752900000,173500000,-2249000000,80200000,2550600000,3449100000,898500000,6265200000,-1640800000,4624400000,https://www.sec.gov/Archives/edgar/data/63908/000006390821000013/0000063908-21-000013-index.htm,https://www.sec.gov/Archives/edgar/data/63908/000006390821000013/mcd-20201231.htm
2024-12-31,AXP,USD,0000004962,2025-02-07,2025-02-07 14:10:04,2024,FY,10129000000,1676000000,-990000000,504000000,-1890000000,0,0,-2897000000,1007000000,4621000000,14050000000,0,-454000000,-1593000000,2221000000,-24576000000,-24402000000,2050000000,100000000,-6020000000,-1999000000,10305000000,4436000000,-40000000,-5956000000,40640000000,46596000000,14050000000,-1911000000,12139000000,https://www.sec.gov/Archives/edgar/data/4962/000000496225000016/0000004962-25-000016-index.htm,https://www.sec.gov/Archives/edgar/data/4962/000000496225000016/axp-20241231.htm
2023-12-31,AXP,USD,0000004962,2024-02-09,2024-02-09 14:08:08,2023,FY,8374000000,1651000000,-1329000000,450000000,3821000000,0,0,5065000000,-1244000000,5592000000,18559000000,-1563000000,-64000000,-1572000000,3890000000,-25124000000,-24433000000,4866000000,28000000,-3650000000,-1780000000,18915000000,18379000000,177000000,12682000000,46596000000,33914000000,18559000000,-1563000000,16996000000,https://www.sec.gov/Archives/edgar/data/4962/000000496224000013/0000004962-24-000013-index.htm,https://www.sec.gov/Archives/edgar/data/4962/000000496224000013/axp-20231231.htm
2022-12-31,AXP,USD,0000004962,2023-02-10,2023-02-10 15:21:14,2022,FY,7514000000,1626000000,-1189000000,375000000,10206000000,0,0,8815000000,1391000000,2547000000,21079000000,-1855000000,-15000000,-4175000000,1918000000,-29562000000,-33689000000,3618000000,56000000,-3502000000,-1565000000,25902000000,24509000000,-13000000,11886000000,33914000000,22028000000,21079000000,-1855000000,19224000000,https://www.sec.gov/Archives/edgar/data/4962/000000496223000006/0000004962-23-000006-index.htm,https://www.sec.gov/Archives/edgar/data/4962/000000496223000006/axp-20221231.htm
2021-12-31,AXP,USD,0000004962,2022-02-11,2022-02-11 15:42:21,2021,FY,8060000000,1695000000,294000000,330000000,6457000000,0,0,5389000000,1068000000,-2191000000,14645000000,-1550000000,1000000,-1517000000,20094000000,-27557000000,-10529000000,-3413000000,1648000000,-9252000000,-1448000000,-2484000000,-14933000000,-120000000,-10937000000,22028000000,32965000000,14645000000,-1550000000,13095000000,https://www.sec.gov/Archives/edgar/data/4962/000000496222000008/0000004962-22-000008-index.htm,https://www.sec.gov/Archives/edgar/data/4962/000000496222000008/axp-20211231.htm
2020-12-31,AXP,USD,0000004962,2021-02-12,2021-02-12 14:26:54,2020,FY,3135000000,1543000000,-256000000,249000000,-3810000000,0,0,-2025000000,-1785000000,4730000000,5591000000,-1478000000,-597000000,-20562000000,7228000000,27041000000,11632000000,-20151000000,44000000,-1029000000,-1474000000,13542000000,-9068000000,364000000,8519000000,32965000000,24446000000,5591000000,-1478000000,4113000000,https://www.sec.gov/Archives/edgar/data/4962/000000496221000013/0000004962-21-000013-index.htm,https://www.sec.gov/Archives/edgar/data/4962/000000496221000013/axp-20201231.htm
2024-12-31,JPM,USD,0000019617,2025-02-14,2025-02-14 16:17:07,2024,FY,58471000000,7938000000,2004000000,0,-114220000000,5735000000,0,-90000000,-119865000000,3795000000,-42012000000,0,-2362000000,-357421000000,242487000000,-46107000000,-163403000000,20749000000,2500000000,-28680000000,-14783000000,83661000000,63447000000,-12866000000,-154834000000,469317000000,624151000000,-42012000000,0,-42012000000,https://www.sec.gov/Archives/edgar/data/19617/000001961725000270/0000019617-25-000270-index.htm,https://www.sec.gov/Archives/edgar/data/19617/000001961725000270/jpm-20241231.htm
2023-12-31,JPM,USD,0000019617,2024-02-16,2024-02-16 16:20:22,2023,FY,49552000000,7512000000,-4534000000,0,-56168000000,19928000000,0,-25388000000,-50708000000,16612000000,12974000000,0,-9920000000,-119640000000,215234000000,-18031000000,67643000000,8603000000,0,-9824000000,-13463000000,-10887000000,-25571000000,1871000000,56917000000,624151000000,567234000000,12974000000,0,12974000000,https://www.sec.gov/Archives/edgar/data/19617/000001961724000225/0000019617-24-000225-index.htm,https://www.sec.gov/Archives/edgar/data/19617/000001961724000225/jpm-20231231.htm
2022-12-31,JPM,USD,0000019617,2023-02-21,2023-02-21 16:13:55,2022,FY,37676000000,7051000000,-2738000000,0,32686000000,-22970000000,0,58614000000,-2958000000,32444000000,107119000000,0,0,-159934000000,172401000000,-150286000000,-137819000000,23902000000,0,-10596000000,-13562000000,-126001000000,-126257000000,-16643000000,-173600000000,567234000000,740834000000,107119000000,0,107119000000,https://www.sec.gov/Archives/edgar/data/19617/000001961723000231/0000019617-23-000231-index.htm,https://www.sec.gov/Archives/edgar/data/19617/000001961723000231/jpm-20221231.htm
2021-12-31,JPM,USD,0000019617,2022-02-22,2022-02-22 16:56:31,2021,FY,48334000000,7932000000,3748000000,0,35901000000,-12401000000,0,43162000000,5140000000,-17831000000,78084000000,0,0,-360541000000,263720000000,-32523000000,-129344000000,35250000000,7350000000,-20983000000,-12858000000,267234000000,275993000000,-11508000000,213225000000,740834000000,527609000000,78084000000,0,78084000000,https://www.sec.gov/Archives/edgar/data/19617/000001961722000272/0000019617-22-000272-index.htm,https://www.sec.gov/Archives/edgar/data/19617/000001961722000272/jpm-20211231.htm
2020-12-31,JPM,USD,0000019617,2021-02-23,2021-02-23 16:17:29,2020,FY,29131000000,8614000000,-3573000000,0,-145312000000,-18012000000,0,7415000000,-134715000000,31230000000,-79910000000,0,0,-409545000000,228793000000,-81160000000,-261912000000,-21931000000,4500000000,-7947000000,-12690000000,634713000000,596645000000,9155000000,263978000000,527609000000,263631000000,-79910000000,0,-79910000000,https://www.sec.gov/Archives/edgar/data/19617/000001961721000236/0000019617-21-000236-index.htm,https://www.sec.gov/Archives/edgar/data/19617/000001961721000236/jpm-20201231.htm
2024-12-31,AMGN,USD,0000318154,2025-02-14,2025-02-14 16:18:41,2024,FY,4090000000,5592000000,-1228000000,530000000,2365000000,441000000,2532000000,312000000,-920000000,141000000,11490000000,-1096000000,0,0,0,50000000,-1046000000,-4259000000,0,-200000000,-4832000000,-124000000,-9415000000,0,1029000000,11973000000,10944000000,11490000000,-1096000000,10394000000,https://www.sec.gov/Archives/edgar/data/318154/000031815425000010/0000318154-25-000010-index.htm,https://www.sec.gov/Archives/edgar/data/318154/000031815425000010/amgn-20241231.htm
2023-12-31,AMGN,USD,0000318154,2024-02-14,2024-02-14 16:23:32,2023,FY,6717000000,4071000000,-1273000000,431000000,-484000000,0,491000000,-402000000,-573000000,-991000000,8471000000,-1112000000,-26989000000,-1000000,1673000000,225000000,-26204000000,25676000000,0,0,-4556000000,-72000000,21048000000,0,3315000000,10944000000,7629000000,8471000000,-1112000000,7359000000,https://www.sec.gov/Archives/edgar/data/318154/000031815424000011/0000318154-24-000011-index.htm,https://www.sec.gov/Archives/edgar/data/318154/000031815424000011/amgn-20231231.htm
2022-12-31,AMGN,USD,0000318154,2023-02-09,2023-02-09 16:26:31,2022,FY,6552000000,3417000000,-1198000000,401000000,-733000000,-746000000,-742000000,154000000,601000000,1282000000,9721000000,-936000000,-3727000000,-2587000000,1218000000,-12000000,-6044000000,6622000000,0,-6360000000,-4196000000,-103000000,-4037000000,0,-360000000,7629000000,7989000000,9721000000,-936000000,8785000000,https://www.sec.gov/Archives/edgar/data/318154/000031815423000017/0000318154-23-000017-index.htm,https://www.sec.gov/Archives/edgar/data/318154/000031815423000017/amgn-20221231.htm
2021-12-31,AMGN,USD,0000318154,2022-02-16,2022-02-16 16:39:53,2021,FY,5893000000,3398000000,-453000000,341000000,-1194000000,-429000000,-165000000,-69000000,-531000000,1276000000,9261000000,-880000000,-2686000000,-8900000000,13234000000,-35000000,733000000,795000000,0,-4975000000,-4013000000,-78000000,-8271000000,0,1723000000,7989000000,6266000000,9261000000,-880000000,8381000000,https://www.sec.gov/Archives/edgar/data/318154/000031815422000010/0000318154-22-000010-index.htm,https://www.sec.gov/Archives/edgar/data/318154/000031815422000010/amgn-20211231.htm
2020-12-31,AMGN,USD,0000318154,2021-02-09,2021-02-08 19:24:56,2020,FY,7264000000,3601000000,-287000000,330000000,-216000000,-427000000,-215000000,45000000,381000000,-195000000,10497000000,-608000000,-3219000000,-8477000000,6978000000,-75000000,-5401000000,2464000000,0,-3486000000,-3755000000,-90000000,-4867000000,0,229000000,6266000000,6037000000,10497000000,-608000000,9889000000,https://www.sec.gov/Archives/edgar/data/318154/000031815421000010/0000318154-21-000010-index.htm,https://www.sec.gov/Archives/edgar/data/318154/000031815421000010/amgn-20201231.htm
2024-12-31,TRV,USD,0000086312,2025-02-13,2025-02-13 06:48:49,2024,FY,4999000000,715000000,-152000000,0,-3753000000,-748000000,0,0,-3005000000,7265000000,9074000000,0,-382000000,-17652000000,11162000000,-392000000,-7264000000,0,0,-1117000000,-951000000,321000000,-1747000000,-14000000,49000000,699000000,650000000,9074000000,0,9074000000,https://www.sec.gov/Archives/edgar/data/86312/000008631225000012/0000086312-25-000012-index.htm,https://www.sec.gov/Archives/edgar/data/86312/000008631225000012/trv-20241231.htm
2023-12-31,TRV,USD,0000086312,2024-02-15,2024-02-15 06:57:30,2023,FY,2991000000,722000000,-163000000,0,-2660000000,-1404000000,0,0,-1256000000,6821000000,7711000000,0,0,-18037000000,11745000000,-529000000,-6821000000,738000000,0,-1022000000,-908000000,141000000,-1051000000,12000000,-149000000,650000000,799000000,7711000000,0,7711000000,https://www.sec.gov/Archives/edgar/data/86312/000008631224000012/0000086312-24-000012-index.htm,https://www.sec.gov/Archives/edgar/data/86312/000008631224000012/trv-20231231.htm
2022-12-31,TRV,USD,0000086312,2023-02-16,2023-02-16 06:49:14,2022,FY,2842000000,826000000,-186000000,0,-2445000000,-533000000,0,0,-1912000000,5428000000,6465000000,0,-4000000,-16618000000,13310000000,-416000000,-3728000000,0,0,-2061000000,-875000000,267000000,-2669000000,-30000000,38000000,799000000,761000000,6465000000,0,6465000000,https://www.sec.gov/Archives/edgar/data/86312/000008631223000011/0000086312-23-000011-index.htm,https://www.sec.gov/Archives/edgar/data/86312/000008631223000011/trv-20221231.htm
2021-12-31,TRV,USD,0000086312,2022-02-17,2022-02-17 06:48:48,2021,FY,3662000000,870000000,62000000,0,-1949000000,-359000000,0,0,-1590000000,4629000000,7274000000,0,-38000000,-19099000000,14217000000,-276000000,-5196000000,739000000,0,-2200000000,-869000000,293000000,-2037000000,-1000000,40000000,761000000,721000000,7274000000,0,7274000000,https://www.sec.gov/Archives/edgar/data/86312/000008631222000013/0000086312-22-000013-index.htm,https://www.sec.gov/Archives/edgar/data/86312/000008631222000013/trv-20211231.htm
2020-12-31,TRV,USD,0000086312,2021-02-11,2021-02-11 06:49:05,2020,FY,2697000000,789000000,-29000000,0,-1708000000,-68000000,0,0,-1640000000,4770000000,6519000000,0,0,-15285000000,10836000000,-443000000,-4892000000,-10000000,0,-672000000,-861000000,127000000,-1416000000,16000000,227000000,721000000,494000000,6519000000,0,6519000000,https://www.sec.gov/Archives/edgar/data/86312/000008631221000011/0000086312-21-000011-index.htm,https://www.sec.gov/Archives/edgar/data/86312/000008631221000011/trv-20201231.htm
2024-12-31,IBM,USD,0000051143,2025-02-25,2025-02-25 16:12:45,2024,FY,6023000000,4667000000,-2330000000,1311000000,1313000000,-374000000,-166000000,-13000000,1866000000,2461000000,13445000000,-1048000000,-2591000000,-7762000000,6544000000,-80000000,-4937000000,-880000000,745000000,0,-6147000000,-797000000,-7079000000,-359000000,1071000000,14160000000,13089000000,13445000000,-1685000000,11760000000,https://www.sec.gov/Archives/edgar/data/51143/000005114325000015/0000051143-25-000015-index.htm,https://www.sec.gov/Archives/edgar/data/51143/000005114325000015/ibm-20241231.htm
2023-12-31,IBM,USD,0000051143,2024-02-26,2024-02-26 06:41:57,2023,FY,7502000000,4396000000,-1114000000,1133000000,2184000000,725000000,390000000,65000000,1004000000,-170000000,13931000000,-1245000000,-5086000000,-11143000000,10647000000,-243000000,-7070000000,4497000000,0,-402000000,-6040000000,176000000,-1769000000,9000000,5101000000,13089000000,7988000000,13931000000,-1810000000,12121000000,https://www.sec.gov/Archives/edgar/data/51143/000005114324000012/0000051143-24-000012-index.htm,https://www.sec.gov/Archives/edgar/data/51143/000005114324000012/ibm-20231231.htm
2022-12-31,IBM,USD,0000051143,2023-02-28,2023-02-28 16:26:11,2022,FY,1639000000,4802000000,-2726000000,987000000,202000000,-539000000,71000000,213000000,457000000,5531000000,10435000000,-1346000000,-1076000000,-5930000000,4665000000,-515000000,-4202000000,1221000000,0,-407000000,-5948000000,176000000,-4958000000,-244000000,1031000000,7988000000,6957000000,10435000000,-1972000000,8463000000,https://www.sec.gov/Archives/edgar/data/51143/000155837023002376/0001558370-23-002376-index.htm,https://www.sec.gov/Archives/edgar/data/51143/000155837023002376/ibm-20221231x10k.htm
2021-12-31,IBM,USD,0000051143,2022-02-22,2022-02-22 16:07:29,2021,FY,5743000000,6417000000,-2001000000,982000000,1791000000,1372000000,138000000,85000000,196000000,-136000000,12796000000,-2062000000,-3179000000,-3561000000,3147000000,-320000000,-5975000000,-8115000000,0,-319000000,-5869000000,909000000,-13354000000,-185000000,-6718000000,6957000000,13675000000,12796000000,-2768000000,10028000000,https://www.sec.gov/Archives/edgar/data/51143/000155837022001584/0001558370-22-001584-index.htm,https://www.sec.gov/Archives/edgar/data/51143/000155837022001584/ibm-20211231x10k.htm
2020-12-31,IBM,USD,0000051143,2021-02-23,2021-02-23 17:08:23,2020,FY,5590000000,6695000000,-3203000000,937000000,8249000000,5297000000,-209000000,138000000,3023000000,-71000000,18197000000,-2618000000,167000000,-6246000000,5618000000,51000000,-3028000000,-3714000000,0,-302000000,-5797000000,92000000,-9721000000,-87000000,5361000000,13675000000,8314000000,18197000000,-3230000000,14967000000,https://www.sec.gov/Archives/edgar/data/51143/000155837021001489/0001558370-21-001489-index.htm,https://www.sec.gov/Archives/edgar/data/51143/000155837021001489/ibm-20201231x10k.htm
2025-01-31,CRM,USD,0001108524,2025-03-05,2025-03-05 16:16:48,2025,FY,6197000000,3477000000,0,3183000000,-1981000000,-490000000,0,1089000000,-2580000000,2216000000,13092000000,-658000000,-2734000000,-7418000000,7647000000,0,-3163000000,-1603000000,0,-7829000000,-1537000000,1540000000,-9429000000,-124000000,376000000,8848000000,8472000000,13092000000,-658000000,12434000000,https://www.sec.gov/Archives/edgar/data/1108524/000110852425000006/0001108524-25-000006-index.htm,https://www.sec.gov/Archives/edgar/data/1108524/000110852425000006/crm-20250131.htm
2024-01-31,CRM,USD,0001108524,2024-03-06,2024-03-06 16:32:48,2024,FY,4136000000,3959000000,0,2787000000,-2850000000,-659000000,0,-478000000,-1713000000,2202000000,10234000000,-736000000,-82000000,-4257000000,3748000000,0,-1327000000,-1811000000,0,-7620000000,0,1954000000,-7477000000,26000000,1456000000,8472000000,7016000000,10234000000,-736000000,9498000000,https://www.sec.gov/Archives/edgar/data/1108524/000110852424000005/0001108524-24-000005-index.htm,https://www.sec.gov/Archives/edgar/data/1108524/000110852424000005/crm-20240131.htm
2023-01-31,CRM,USD,0001108524,2023-03-08,2023-03-08 16:41:15,2023,FY,208000000,3786000000,0,3279000000,-2069000000,-995000000,0,528000000,-1602000000,1907000000,7111000000,-798000000,-439000000,-5327000000,4575000000,0,-1989000000,-423000000,0,-4000000000,0,861000000,-3562000000,-8000000,1552000000,7016000000,5464000000,7111000000,-798000000,6313000000,https://www.sec.gov/Archives/edgar/data/1108524/000110852423000011/0001108524-23-000011-index.htm,https://www.sec.gov/Archives/edgar/data/1108524/000110852423000011/crm-20230131.htm
2022-01-31,CRM,USD,0001108524,2022-03-11,2022-03-11 08:06:16,2022,FY,1444000000,3298000000,0,2779000000,-1658000000,-1824000000,0,507000000,-341000000,137000000,6000000000,-717000000,-14876000000,-7392000000,8449000000,0,-14536000000,6549000000,0,0,0,1289000000,7838000000,-33000000,-731000000,5464000000,6195000000,6000000000,-717000000,5283000000,https://www.sec.gov/Archives/edgar/data/1108524/000110852422000013/0001108524-22-000013-index.htm,https://www.sec.gov/Archives/edgar/data/1108524/000110852422000013/crm-20220131.htm
2021-01-31,CRM,USD,0001108524,2021-03-17,2022-02-24 16:13:45,2021,FY,4072000000,2846000000,-2003000000,2190000000,-1192000000,-1556000000,-963000000,1100000000,227000000,-1112000000,4801000000,-710000000,-1281000000,-5902000000,3922000000,0,-3971000000,-107000000,0,0,0,1301000000,1194000000,26000000,2050000000,6195000000,4145000000,4801000000,-710000000,4091000000,https://www.sec.gov/Archives/edgar/data/1108524/000110852422000008/0001108524-22-000008-index.htm,https://www.sec.gov/Archives/edgar/data/1108524/000110852422000008/crm-20210131.htm
2024-12-31,UNH,USD,0000731766,2025-02-27,2025-02-27 17:16:21,2024,FY,15242000000,4099000000,-296000000,1018000000,-808000000,-1437000000,0,2463000000,-1834000000,4949000000,24204000000,-3499000000,-13408000000,-27308000000,27833000000,-4145000000,-20527000000,14660000000,1846000000,-9000000000,-7533000000,-3485000000,-3512000000,-280000000,-115000000,25312000000,25427000000,24204000000,-3499000000,20705000000,https://www.sec.gov/Archives/edgar/data/731766/000073176625000063/0000731766-25-000063-index.htm,https://www.sec.gov/Archives/edgar/data/731766/000073176625000063/unh-20241231.htm
2023-12-31,UNH,USD,0000731766,2023-12-31,2023-12-29 19:00:00,2023,FY,22381000000,3972000000,-245000000,1059000000,1643000000,-3114000000,1038000000,3516000000,203000000,258000000,29068000000,-3386000000,-10136000000,-18314000000,16537000000,-275000000,-15574000000,4280000000,1353000000,-8000000000,-6761000000,-2401000000,-11529000000,97000000,2062000000,25427000000,23365000000,29068000000,-3386000000,25682000000,https://www.sec.gov/Archives/edgar/data/731766/000073176624000081/0000731766-24-000081-index.html,https://www.sec.gov/Archives/edgar/data/731766/000073176624000081/unh-20231231.htm
2022-12-31,UNH,USD,0000731766,2023-02-24,2023-02-24 17:28:40,2022,FY,20120000000,3400000000,-673000000,925000000,2246000000,-2523000000,0,1964000000,2805000000,188000000,26206000000,-2802000000,-21458000000,-18825000000,11988000000,2621000000,-28476000000,12536000000,1253000000,-7000000000,-5991000000,3428000000,4226000000,34000000,1990000000,23365000000,21375000000,26206000000,-2802000000,23404000000,https://www.sec.gov/Archives/edgar/data/731766/000073176623000008/0000731766-23-000008-index.htm,https://www.sec.gov/Archives/edgar/data/731766/000073176623000008/unh-20221231.htm
2021-12-31,UNH,USD,0000731766,2022-02-15,2022-02-15 16:50:18,2021,FY,17285000000,3103000000,-814000000,800000000,1522000000,-1000000000,-1031000000,3863000000,-310000000,447000000,22343000000,-2454000000,-4821000000,-1843000000,15296000000,-16550000000,-10372000000,2481000000,1355000000,-5000000000,-5280000000,-1011000000,-7455000000,-62000000,4454000000,21375000000,16921000000,22343000000,-2454000000,19889000000,https://www.sec.gov/Archives/edgar/data/731766/000073176622000008/0000731766-22-000008-index.htm,https://www.sec.gov/Archives/edgar/data/731766/000073176622000008/unh-20211231.htm
2020-12-31,UNH,USD,0000731766,2021-03-01,2021-03-01 16:02:27,2020,FY,15769000000,2891000000,-60000000,679000000,2895000000,-688000000,-2195000000,5500000000,278000000,0,22174000000,-2051000000,-7139000000,-16577000000,13741000000,-506000000,-12532000000,2586000000,1440000000,-4250000000,-4584000000,1218000000,-3590000000,-116000000,5936000000,16921000000,10985000000,22174000000,-2051000000,20123000000,https://www.sec.gov/Archives/edgar/data/731766/000073176621000013/0000731766-21-000013-index.htm,https://www.sec.gov/Archives/edgar/data/731766/000073176621000013/unh-20201231.htm
2024-12-31,BA,USD,0000012927,2025-02-03,2025-02-03 14:37:45,2024,FY,-11829000000,1836000000,0,407000000,-8768000000,415000000,-12353000000,-793000000,3963000000,6274000000,-12080000000,-2230000000,74000000,-13856000000,4743000000,-704000000,-11973000000,1488000000,18200000000,0,0,5521000000,25209000000,-47000000,1109000000,13801000000,12713000000,-12080000000,-2318000000,-14398000000,https://www.sec.gov/Archives/edgar/data/12927/000001292725000015/0000012927-25-000015-index.htm,https://www.sec.gov/Archives/edgar/data/12927/000001292725000015/ba-20241231.htm
2023-12-31,BA,USD,0000012927,2024-01-31,2024-01-31 12:45:19,2023,FY,-2242000000,1861000000,0,690000000,4089000000,764000000,1684000000,1672000000,-31000000,1562000000,5960000000,-1527000000,-70000000,-16448000000,15739000000,-131000000,-2437000000,-5141000000,45000000,0,0,-391000000,-5487000000,30000000,-1934000000,12691000000,14647000000,5960000000,-1527000000,4433000000,https://www.sec.gov/Archives/edgar/data/12927/000001292724000010/0000012927-24-000010-index.htm,https://www.sec.gov/Archives/edgar/data/12927/000001292724000010/ba-20231231.htm
2022-12-31,BA,USD,0000012927,2023-01-27,2023-01-27 14:26:33,2022,FY,-4935000000,1979000000,0,1941000000,4139000000,142000000,420000000,838000000,2739000000,388000000,3512000000,-1222000000,-6000000,-5051000000,10619000000,30000000,4370000000,-1276000000,50000000,0,0,-40000000,-1266000000,-73000000,6543000000,14614000000,8104000000,3512000000,-1222000000,2290000000,https://www.sec.gov/Archives/edgar/data/12927/000001292723000007/0000012927-23-000007-index.htm,https://www.sec.gov/Archives/edgar/data/12927/000001292723000007/ba-20221231.htm
2021-12-31,BA,USD,0000012927,2022-01-31,2022-01-31 10:33:32,2021,FY,-4164000000,2144000000,3281000000,2073000000,-6977000000,-713000000,-1127000000,-3783000000,-1354000000,227000000,-3416000000,-980000000,-6000000,-35713000000,45489000000,534000000,9324000000,-5576000000,42000000,0,0,-66000000,-5600000000,-8000000,300000000,8052000000,7752000000,-3416000000,-980000000,-4396000000,https://www.sec.gov/Archives/edgar/data/12927/000001292722000010/0000012927-22-000010-index.htm,https://www.sec.gov/Archives/edgar/data/12927/000001292722000010/ba-20211231.htm
2020-12-31,BA,USD,0000012927,2021-02-01,2021-02-01 14:20:17,2020,FY,-11941000000,2246000000,6701000000,445000000,-17335000000,909000000,-11002000000,-5363000000,-1879000000,1406000000,-18410000000,-1303000000,296000000,-37616000000,20275000000,-18000000,-18366000000,36250000000,36000000,0,-1158000000,-173000000,34955000000,85000000,-1733000000,7752000000,9485000000,-18410000000,-1303000000,-19713000000,https://www.sec.gov/Archives/edgar/data/12927/000001292721000011/0000012927-21-000011-index.htm,https://www.sec.gov/Archives/edgar/data/12927/000001292721000011/ba-20201231.htm
2024-12-31,AMZN,USD,0001018724,2025-02-07,2025-02-06 18:40:29,2024,FY,59248000000,52795000000,-4648000000,22011000000,-15541000000,-3249000000,-1884000000,2972000000,-13380000000,2012000000,115877000000,-82999000000,-7082000000,-26005000000,16403000000,5341000000,-94342000000,-11812000000,0,0,0,0,-11812000000,-1301000000,8422000000,82312000000,73890000000,115877000000,-82999000000,32878000000,https://www.sec.gov/Archives/edgar/data/1018724/000101872425000004/0001018724-25-000004-index.htm,https://www.sec.gov/Archives/edgar/data/1018724/000101872425000004/amzn-20241231.htm
2023-12-31,AMZN,USD,0001018724,2024-02-02,2024-02-01 18:48:30,2023,FY,30425000000,48663000000,-5876000000,24023000000,-11541000000,-8348000000,1449000000,5473000000,-10115000000,-748000000,84946000000,-52729000000,-5839000000,-1488000000,5627000000,4596000000,-49833000000,-15879000000,0,0,0,0,-15879000000,403000000,19637000000,73890000000,54253000000,84946000000,-52729000000,32217000000,https://www.sec.gov/Archives/edgar/data/1018724/000101872424000008/0001018724-24-000008-index.htm,https://www.sec.gov/Archives/edgar/data/1018724/000101872424000008/amzn-20231231.htm
2022-12-31,AMZN,USD,0001018724,2023-02-03,2023-02-02 18:27:34,2022,FY,-2722000000,41921000000,-8148000000,19621000000,-20886000000,-8622000000,-2592000000,2945000000,-12617000000,16966000000,46752000000,-63645000000,-8316000000,-2565000000,31601000000,5324000000,-37601000000,15718000000,0,-6000000000,0,0,9718000000,-1093000000,17776000000,54253000000,36477000000,46752000000,-63645000000,-16893000000,https://www.sec.gov/Archives/edgar/data/1018724/000101872423000004/0001018724-23-000004-index.htm,https://www.sec.gov/Archives/edgar/data/1018724/000101872423000004/amzn-20221231.htm
2021-12-31,AMZN,USD,0001018724,2022-02-04,2022-02-03 18:46:51,2021,FY,33364000000,34296000000,-310000000,12757000000,-19611000000,-9145000000,-9487000000,3602000000,-4581000000,-14169000000,46327000000,-61053000000,-1985000000,-60157000000,59384000000,5657000000,-58154000000,6291000000,0,0,0,0,6291000000,-364000000,-5900000000,36477000000,42377000000,46327000000,-61053000000,-14726000000,https://www.sec.gov/Archives/edgar/data/1018724/000101872422000005/0001018724-22-000005-index.htm,https://www.sec.gov/Archives/edgar/data/1018724/000101872422000005/amzn-20211231.htm
2020-12-31,AMZN,USD,0001018724,2021-02-03,2021-02-02 19:44:10,2020,FY,21331000000,25251000000,-554000000,9208000000,13481000000,-8169000000,-2849000000,17480000000,7019000000,-2653000000,66064000000,-40140000000,-2325000000,-72479000000,50237000000,5096000000,-59611000000,-1104000000,0,0,0,0,-1104000000,618000000,5967000000,42377000000,36410000000,66064000000,-40140000000,25924000000,https://www.sec.gov/Archives/edgar/data/1018724/000101872421000004/0001018724-21-000004-index.htm,https://www.sec.gov/Archives/edgar/data/1018724/000101872421000004/amzn-20201231.htm
2024-12-31,HON,USD,0000773840,2025-02-14,2025-02-14 14:50:25,2024,FY,5705000000,1334000000,-233000000,194000000,237000000,-96000000,-304000000,95000000,542000000,-1140000000,6097000000,-1164000000,-8880000000,-1077000000,964000000,0,-10157000000,10856000000,537000000,-1655000000,-2902000000,3000000,6839000000,-137000000,2642000000,10567000000,7925000000,6097000000,-1164000000,4933000000,https://www.sec.gov/Archives/edgar/data/773840/000077384025000010/0000773840-25-000010-index.htm,https://www.sec.gov/Archives/edgar/data/773840/000077384025000010/hon-20241231.htm
2023-12-31,HON,USD,0000773840,2024-02-16,2024-02-16 13:40:36,2023,FY,5658000000,1176000000,153000000,202000000,361000000,-42000000,-626000000,518000000,511000000,-2210000000,5340000000,-1039000000,-671000000,-560000000,977000000,0,-1293000000,583000000,196000000,-3715000000,-2855000000,28000000,-5763000000,14000000,-1702000000,7925000000,9627000000,5340000000,-1039000000,4301000000,https://www.sec.gov/Archives/edgar/data/773840/000077384024000014/0000773840-24-000014-index.htm,https://www.sec.gov/Archives/edgar/data/773840/000077384024000014/hon-20231231.htm
2022-12-31,HON,USD,0000773840,2023-02-10,2023-02-10 14:09:31,2022,FY,4967000000,1204000000,-180000000,188000000,-745000000,-739000000,-440000000,-155000000,589000000,-160000000,5274000000,-766000000,-178000000,-1211000000,1624000000,438000000,-93000000,317000000,320000000,-4200000000,-2719000000,-48000000,-6330000000,-183000000,-1332000000,9627000000,10959000000,5274000000,-766000000,4508000000,https://www.sec.gov/Archives/edgar/data/773840/000077384023000013/0000773840-23-000013-index.htm,https://www.sec.gov/Archives/edgar/data/773840/000077384023000013/hon-20221231.htm
2021-12-31,HON,USD,0000773840,2022-02-11,2022-02-11 12:37:32,2021,FY,5610000000,1223000000,178000000,217000000,288000000,-8000000,-685000000,744000000,237000000,-1478000000,6038000000,-895000000,-1123000000,-2373000000,2717000000,613000000,-1061000000,-2396000000,229000000,-3380000000,-2626000000,-81000000,-8254000000,-39000000,-3316000000,10959000000,14275000000,6038000000,-895000000,5143000000,https://www.sec.gov/Archives/edgar/data/773840/000077384022000018/0000773840-22-000018-index.htm,https://www.sec.gov/Archives/edgar/data/773840/000077384022000018/hon-20211231.htm
2020-12-31,HON,USD,0000773840,2021-02-12,2021-02-12 14:31:39,2020,FY,4779000000,1002000000,-175000000,168000000,1363000000,669000000,-67000000,15000000,746000000,-929000000,6208000000,-906000000,-261000000,-3385000000,3508000000,57000000,-987000000,5891000000,393000000,-3714000000,-2592000000,-59000000,-81000000,68000000,5208000000,14275000000,9067000000,6208000000,-906000000,5302000000,https://www.sec.gov/Archives/edgar/data/773840/000077384021000015/0000773840-21-000015-index.htm,https://www.sec.gov/Archives/edgar/data/773840/000077384021000015/hon-20201231.htm
2024-09-28,AAPL,USD,0000320193,2024-11-01,2024-11-01 06:01:36,2024,FY,93736000000,11445000000,0,11688000000,3651000000,-5144000000,-1046000000,6020000000,3821000000,-2266000000,118254000000,-9447000000,0,-48656000000,62346000000,-1308000000,2935000000,-5998000000,0,-94949000000,-15234000000,-5802000000,-121983000000,0,-794000000,29943000000,30737000000,118254000000,-9447000000,108807000000,https://www.sec.gov/Archives/edgar/data/320193/000032019324000123/0000320193-24-000123-index.htm,https://www.sec.gov/Archives/edgar/data/320193/000032019324000123/aapl-20240928.htm
2023-09-30,AAPL,USD,0000320193,2023-11-03,2023-11-02 18:08:27,2023,FY,96995000000,11519000000,0,10833000000,-6577000000,-417000000,-1618000000,-1889000000,-2653000000,-2227000000,110543000000,-10959000000,0,-29513000000,45514000000,-1337000000,3705000000,-9901000000,0,-77550000000,-15025000000,-6012000000,-108488000000,0,5760000000,30737000000,24977000000,110543000000,-10959000000,99584000000,https://www.sec.gov/Archives/edgar/data/320193/000032019323000106/0000320193-23-000106-index.htm,https://www.sec.gov/Archives/edgar/data/320193/000032019323000106/aapl-20230930.htm
2022-09-24,AAPL,USD,0000320193,2022-10-28,2022-10-27 18:01:14,2022,FY,99803000000,11104000000,895000000,9038000000,1200000000,-9343000000,1484000000,9448000000,-389000000,111000000,122151000000,-10708000000,-306000000,-76923000000,67363000000,-1780000000,-22354000000,-123000000,0,-89402000000,-14841000000,-6383000000,-110749000000,0,-10952000000,24977000000,35929000000,122151000000,-10708000000,111443000000,https://www.sec.gov/Archives/edgar/data/320193/000032019322000108/0000320193-22-000108-index.htm,https://www.sec.gov/Archives/edgar/data/320193/000032019322000108/aapl-20220924.htm
2021-09-25,AAPL,USD,0000320193,2021-10-29,2021-10-28 18:04:28,2021,FY,94680000000,11284000000,-4774000000,7906000000,-4911000000,-14028000000,-2642000000,12326000000,-567000000,-147000000,104038000000,-11085000000,-33000000,-109558000000,106483000000,-385000000,-14545000000,12665000000,1105000000,-85971000000,-14467000000,-6685000000,-93353000000,0,-3860000000,35929000000,39789000000,104038000000,-11085000000,92953000000,https://www.sec.gov/Archives/edgar/data/320193/000032019321000105/0000320193-21-000105-index.htm,https://www.sec.gov/Archives/edgar/data/320193/000032019321000105/aapl-20210925.htm
2020-09-26,AAPL,USD,0000320193,2020-10-30,2020-10-29 18:06:25,2020,FY,57411000000,11056000000,-215000000,6829000000,5690000000,8470000000,-127000000,-4062000000,1409000000,-97000000,80674000000,-7309000000,-1524000000,-114938000000,120391000000,-909000000,-4289000000,2499000000,880000000,-72358000000,-14081000000,-3760000000,-86820000000,0,-10435000000,39789000000,50224000000,80674000000,-7309000000,73365000000,https://www.sec.gov/Archives/edgar/data/320193/000032019320000096/0000320193-20-000096-index.htm,https://www.sec.gov/Archives/edgar/data/320193/000032019320000096/aapl-20200926.htm
2025-01-26,NVDA,USD,0001045810,2025-02-26,2025-02-26 16:48:33,2025,FY,72880000000,1864000000,-4477000000,4737000000,-9383000000,-13063000000,-4781000000,3357000000,5104000000,-1532000000,64089000000,-3236000000,-1007000000,-28061000000,11861000000,22000000,-20421000000,-1250000000,0,-33706000000,-834000000,-6569000000,-42359000000,0,1309000000,8589000000,7280000000,64089000000,-3236000000,60853000000,https://www.sec.gov/Archives/edgar/data/1045810/000104581025000023/0001045810-25-000023-index.htm,https://www.sec.gov/Archives/edgar/data/1045810/000104581025000023/nvda-20250126.htm
2024-01-28,NVDA,USD,0001045810,2024-02-21,2024-02-21 16:36:57,2024,FY,29760000000,1508000000,-2489000000,3549000000,-3722000000,-6172000000,-98000000,1531000000,1017000000,-516000000,28090000000,-1069000000,-83000000,-19073000000,9783000000,-124000000,-10566000000,-1250000000,0,-9533000000,-395000000,-2455000000,-13633000000,0,3891000000,7280000000,3389000000,28090000000,-1069000000,27021000000,https://www.sec.gov/Archives/edgar/data/1045810/000104581024000029/0001045810-24-000029-index.htm,https://www.sec.gov/Archives/edgar/data/1045810/000104581024000029/nvda-20240128.htm
2023-01-29,NVDA,USD,0001045810,2023-02-24,2023-02-24 17:23:43,2023,FY,4368000000,1544000000,-2164000000,2709000000,-2207000000,822000000,-2554000000,-551000000,76000000,1391000000,5641000000,-1833000000,-49000000,-11982000000,21239000000,0,7375000000,0,0,-10039000000,-398000000,-1180000000,-11617000000,0,1399000000,3389000000,1990000000,5641000000,-1833000000,3808000000,https://www.sec.gov/Archives/edgar/data/1045810/000104581023000017/0001045810-23-000017-index.htm,https://www.sec.gov/Archives/edgar/data/1045810/000104581023000017/nvda-20230129.htm
2022-01-30,NVDA,USD,0001045810,2022-03-18,2022-03-17 20:33:34,2022,FY,9752000000,1174000000,-406000000,2004000000,-3363000000,-2215000000,-774000000,568000000,-942000000,-53000000,9108000000,-976000000,-263000000,-24811000000,16220000000,0,-9830000000,3977000000,0,0,-399000000,-1713000000,1865000000,0,1143000000,1990000000,847000000,9108000000,-976000000,8132000000,https://www.sec.gov/Archives/edgar/data/1045810/000104581022000036/0001045810-22-000036-index.htm,https://www.sec.gov/Archives/edgar/data/1045810/000104581022000036/nvda-20220130.htm
2021-01-31,NVDA,USD,0001045810,2021-02-26,2021-02-26 17:03:14,2021,FY,4332000000,1098000000,-282000000,1397000000,-703000000,-550000000,-524000000,312000000,59000000,-20000000,5822000000,-1128000000,-8524000000,-19342000000,9319000000,0,-19675000000,4968000000,0,0,-395000000,-769000000,3804000000,0,-10049000000,847000000,10896000000,5822000000,-1128000000,4694000000,https://www.sec.gov/Archives/edgar/data/1045810/000104581021000010/0001045810-21-000010-index.htm,https://www.sec.gov/Archives/edgar/data/1045810/000104581021000010/nvda-20210131.htm
2024-12-29,JNJ,USD,0000200406,2025-02-13,2025-02-13 16:07:39,2024,FY,14066000000,7339000000,-2183000000,1176000000,1837000000,-406000000,-1128000000,1621000000,1750000000,2031000000,24266000000,-4424000000,-15146000000,-1726000000,2462000000,235000000,-18599000000,10051000000,0,-2432000000,-11823000000,1072000000,-3132000000,-289000000,2246000000,24105000000,21859000000,24266000000,-4424000000,19842000000,https://www.sec.gov/Archives/edgar/data/200406/000020040625000038/0000200406-25-000038-index.htm,https://www.sec.gov/Archives/edgar/data/200406/000020040625000038/jnj-20241229.htm
2023-12-31,JNJ,USD,0000200406,2024-02-16,2024-02-16 16:12:22,2023,FY,13326000000,7486000000,-4194000000,1162000000,2507000000,-624000000,-1323000000,2346000000,2108000000,2504000000,22791000000,-4543000000,0,-10906000000,19390000000,-3063000000,878000000,-2734000000,4241000000,-5054000000,-11770000000,-508000000,-15825000000,-112000000,7732000000,21859000000,14127000000,22791000000,-4543000000,18248000000,https://www.sec.gov/Archives/edgar/data/200406/000020040624000013/0000200406-24-000013-index.htm,https://www.sec.gov/Archives/edgar/data/200406/000020040624000013/jnj-20231231.htm
2023-01-01,JNJ,USD,0000200406,2023-02-16,2023-02-16 16:01:53,2022,FY,17941000000,6970000000,-1663000000,1138000000,-4011000000,-1290000000,-2527000000,1098000000,-1292000000,819000000,21194000000,-4009000000,-17652000000,-32384000000,41609000000,65000000,-12371000000,7452000000,0,-6035000000,-11682000000,1394000000,-8871000000,-312000000,-360000000,14127000000,14487000000,21194000000,-4009000000,17185000000,https://www.sec.gov/Archives/edgar/data/200406/000020040623000016/0000200406-23-000016-index.htm,https://www.sec.gov/Archives/edgar/data/200406/000020040623000016/jnj-20230101.htm
2022-01-02,JNJ,USD,0000200406,2022-02-17,2022-02-17 16:06:50,2021,FY,20878000000,7390000000,-2079000000,1135000000,-4238000000,-2402000000,-1248000000,2437000000,-3025000000,324000000,23410000000,-3652000000,-60000000,-30394000000,25006000000,417000000,-8683000000,-990000000,0,-3456000000,-11032000000,1431000000,-14047000000,-178000000,502000000,14487000000,13985000000,23410000000,-3652000000,19758000000,https://www.sec.gov/Archives/edgar/data/200406/000020040622000022/0000200406-22-000022-index.htm,https://www.sec.gov/Archives/edgar/data/200406/000020040622000022/jnj-20220102.htm
2021-01-03,JNJ,USD,0000200406,2021-02-22,2021-02-22 16:36:14,2020,FY,14714000000,7231000000,-1141000000,1005000000,2690000000,774000000,-265000000,5141000000,-2960000000,-963000000,23536000000,-3347000000,-7323000000,-21089000000,12137000000,-1203000000,-20825000000,7095000000,0,-3221000000,-10481000000,487000000,-6120000000,89000000,-3320000000,13985000000,17305000000,23536000000,-3347000000,20189000000,https://www.sec.gov/Archives/edgar/data/200406/000020040621000008/0000200406-21-000008-index.htm,https://www.sec.gov/Archives/edgar/data/200406/000020040621000008/jnj-20210103.htm
2025-06-30,PG,USD,0000080424,2025-07-29,2025-07-29 07:03:15,2025,FY,16065000000,2847000000,149000000,476000000,-2474000000,45000000,-324000000,-542000000,-1653000000,754000000,17818000000,-3773000000,-11000000,0,0,-34000000,-3818000000,630000000,1707000000,-6500000000,-9872000000,-1000000,-14036000000,110000000,74000000,9556000000,9482000000,17817000000,-3773000000,14044000000,https://www.sec.gov/Archives/edgar/data/80424/000008042425000067/0000080424-25-000067-index.htm,https://www.sec.gov/Archives/edgar/data/80424/000008042425000067/fy2425q4amj8-kexhibit991.htm
2024-06-30,PG,USD,0000080424,2024-08-05,2024-08-05 16:16:53,2024,FY,14879000000,2896000000,-244000000,562000000,-436000000,-766000000,-70000000,1814000000,-1414000000,2189000000,19846000000,-3322000000,-21000000,0,0,-161000000,-3504000000,-2442000000,0,-5006000000,-9312000000,1905000000,-14855000000,-251000000,1236000000,9482000000,8246000000,19846000000,-3322000000,16524000000,https://www.sec.gov/Archives/edgar/data/80424/000008042424000083/0000080424-24-000083-index.htm,https://www.sec.gov/Archives/edgar/data/80424/000008042424000083/pg-20240630.htm
2023-06-30,PG,USD,0000080424,2023-08-04,2023-08-04 16:16:13,2023,FY,14738000000,2714000000,-453000000,545000000,-1220000000,-307000000,-119000000,313000000,-1107000000,524000000,16848000000,-3062000000,-765000000,0,0,327000000,-3500000000,2937000000,0,-7353000000,-8999000000,1269000000,-12146000000,-170000000,1032000000,8246000000,7214000000,16848000000,-3062000000,13786000000,https://www.sec.gov/Archives/edgar/data/80424/000008042423000073/0000080424-23-000073-index.htm,https://www.sec.gov/Archives/edgar/data/80424/000008042423000073/pg-20230630.htm
2022-06-30,PG,USD,0000080424,2022-08-05,2022-08-05 16:21:50,2022,FY,14793000000,2807000000,-402000000,528000000,-1147000000,-694000000,-1247000000,1429000000,-635000000,144000000,16723000000,-3156000000,-1381000000,0,3000000,110000000,-4424000000,1892000000,0,-10003000000,-8770000000,2005000000,-14876000000,-497000000,-3074000000,7214000000,10288000000,16723000000,-3156000000,13567000000,https://www.sec.gov/Archives/edgar/data/80424/000008042422000064/0000080424-22-000064-index.htm,https://www.sec.gov/Archives/edgar/data/80424/000008042422000064/pg-20220630.htm
2021-06-30,PG,USD,0000080424,2021-08-06,2021-08-06 16:19:59,2021,FY,14352000000,2735000000,-258000000,540000000,371000000,-342000000,-309000000,1391000000,-369000000,631000000,18371000000,-2787000000,-34000000,-55000000,0,42000000,-2834000000,-3903000000,0,-11009000000,-8263000000,1644000000,-21531000000,101000000,-5893000000,10288000000,16181000000,18371000000,-2787000000,15584000000,https://www.sec.gov/Archives/edgar/data/80424/000008042421000100/0000080424-21-000100-index.htm,https://www.sec.gov/Archives/edgar/data/80424/000008042421000100/pg-20210630.htm
2024-12-31,CVX,USD,0000093410,2025-02-21,2025-02-21 11:20:51,2024,FY,17661000000,17282000000,1240000000,0,100000000,-818000000,-574000000,2569000000,-1077000000,-4791000000,31492000000,-16448000000,195000000,-6000000,47000000,7276000000,-8936000000,3568000000,0,-15400000000,-11800000000,160000000,-23472000000,-100000000,-1013000000,8262000000,9275000000,31492000000,-16448000000,15044000000,https://www.sec.gov/Archives/edgar/data/93410/000009341025000009/0000093410-25-000009-index.htm,https://www.sec.gov/Archives/edgar/data/93410/000009341025000009/cvx-20241231.htm
2023-12-31,CVX,USD,0000093410,2024-02-26,2024-02-26 16:07:14,2023,FY,21411000000,14553000000,298000000,0,-3335000000,1337000000,-320000000,-49000000,-4303000000,2682000000,35609000000,-15829000000,278000000,-289000000,464000000,144000000,-15232000000,-4055000000,0,-14939000000,-11336000000,221000000,-30109000000,-114000000,-9846000000,9275000000,19121000000,35609000000,-15829000000,19780000000,https://www.sec.gov/Archives/edgar/data/93410/000009341024000013/0000093410-24-000013-index.htm,https://www.sec.gov/Archives/edgar/data/93410/000009341024000013/cvx-20231231.htm
2022-12-31,CVX,USD,0000093410,2023-02-23,2023-02-23 11:51:02,2022,FY,35608000000,16319000000,2124000000,1073000000,2125000000,-2164000000,-930000000,2750000000,2469000000,-7647000000,49602000000,-11974000000,-2900000000,-7000000,124000000,2649000000,-12108000000,-8479000000,0,-11255000000,-10968000000,5724000000,-24978000000,-190000000,12326000000,19121000000,6795000000,49602000000,-11974000000,37628000000,https://www.sec.gov/Archives/edgar/data/93410/000009341023000009/0000093410-23-000009-index.htm,https://www.sec.gov/Archives/edgar/data/93410/000009341023000009/cvx-20221231.htm
2021-12-31,CVX,USD,0000093410,2022-02-24,2022-02-24 11:45:37,2021,FY,15689000000,16895000000,700000000,0,-1660000000,-7527000000,-530000000,5475000000,922000000,-2437000000,29187000000,-8056000000,439000000,-4000000,3000000,1753000000,-5865000000,-12936000000,0,-1383000000,-10179000000,1385000000,-23113000000,-151000000,58000000,6795000000,6737000000,29187000000,-8100000000,21087000000,https://www.sec.gov/Archives/edgar/data/93410/000009341022000019/0000093410-22-000019-index.htm,https://www.sec.gov/Archives/edgar/data/93410/000009341022000019/cvx-20211231.htm
2020-12-31,CVX,USD,0000093410,2021-02-25,2021-02-25 14:32:29,2020,FY,-5561000000,19508000000,-3604000000,190000000,-1652000000,2423000000,284000000,-3576000000,-783000000,1696000000,10577000000,-8922000000,450000000,0,35000000,1472000000,-6965000000,7470000000,0,-1757000000,-9651000000,202000000,-3736000000,-50000000,-174000000,6737000000,6911000000,10577000000,-8900000000,1677000000,https://www.sec.gov/Archives/edgar/data/93410/000009341021000009/0000093410-21-000009-index.htm,https://www.sec.gov/Archives/edgar/data/93410/000009341021000009/cvx-20201231.htm
2024-12-31,MMM,USD,0000066740,2025-02-05,2025-02-05 09:57:15,2024,FY,4188000000,1363000000,321000000,289000000,-5223000000,114000000,41000000,46000000,-5424000000,881000000,1819000000,-1181000000,0,-4153000000,2074000000,54000000,-3206000000,5711000000,0,-1801000000,-1982000000,-830000000,1098000000,-44000000,-333000000,5600000000,5933000000,1819000000,-1181000000,638000000,https://www.sec.gov/Archives/edgar/data/66740/000006674025000006/0000066740-25-000006-index.htm,https://www.sec.gov/Archives/edgar/data/66740/000006674025000006/mmm-20241231.htm
2023-12-31,MMM,USD,0000066740,2024-02-07,2024-02-07 09:25:16,2023,FY,-6995000000,1987000000,-3855000000,274000000,317000000,0,567000000,138000000,-388000000,14952000000,6680000000,-1615000000,60000000,-1466000000,1660000000,154000000,-1207000000,-46000000,0,-33000000,-3311000000,243000000,-3147000000,-48000000,2278000000,5933000000,3655000000,6680000000,-1615000000,5065000000,https://www.sec.gov/Archives/edgar/data/66740/000006674024000016/0000066740-24-000016-index.htm,https://www.sec.gov/Archives/edgar/data/66740/000006674024000016/mmm-20231231.htm
2022-12-31,MMM,USD,0000066740,2023-02-08,2023-02-08 12:59:49,2022,FY,5791000000,1831000000,-663000000,263000000,-670000000,-105000000,-629000000,111000000,-47000000,-961000000,5591000000,-1749000000,491000000,-1250000000,1261000000,201000000,-1046000000,-838000000,0,-1464000000,-3369000000,321000000,-5350000000,-104000000,-909000000,3655000000,4564000000,5591000000,-1749000000,3842000000,https://www.sec.gov/Archives/edgar/data/66740/000006674023000014/0000066740-23-000014-index.htm,https://www.sec.gov/Archives/edgar/data/66740/000006674023000014/mmm-20221231.htm
2021-12-31,MMM,USD,0000066740,2022-02-09,2022-02-09 15:13:29,2021,FY,5929000000,1915000000,-166000000,274000000,-751000000,-122000000,-903000000,518000000,-244000000,253000000,7454000000,-1603000000,51000000,-2202000000,2406000000,31000000,-1317000000,-1145000000,0,-2199000000,-3420000000,619000000,-6145000000,-62000000,-70000000,4564000000,4634000000,7454000000,-1603000000,5851000000,https://www.sec.gov/Archives/edgar/data/66740/000006674022000010/0000066740-22-000010-index.htm,https://www.sec.gov/Archives/edgar/data/66740/000006674022000010/mmm-20211231.htm
2020-12-31,MMM,USD,0000066740,2021-02-04,2021-02-04 13:53:11,2020,FY,5388000000,1911000000,-165000000,262000000,458000000,165000000,-91000000,252000000,132000000,259000000,8113000000,-1501000000,551000000,-1579000000,1811000000,138000000,-580000000,-1875000000,0,-368000000,-3388000000,331000000,-5300000000,48000000,2281000000,4634000000,2353000000,8113000000,-1501000000,6612000000,https://www.sec.gov/Archives/edgar/data/66740/000155837021000737/0001558370-21-000737-index.htm,https://www.sec.gov/Archives/edgar/data/66740/000155837021000737/mmm-20201231x10k.htm
2024-09-28,DIS,USD,0001744489,2024-11-14,2024-11-14 06:46:46,2024,FY,5773000000,4990000000,-821000000,1366000000,-1613000000,-565000000,-42000000,156000000,-1162000000,4276000000,13971000000,-5412000000,0,-1506000000,105000000,-68000000,-6881000000,-1400000000,0,-2992000000,-1366000000,-9530000000,-15288000000,65000000,-8133000000,6102000000,14235000000,13971000000,-5412000000,8559000000,https://www.sec.gov/Archives/edgar/data/1744489/000174448924000276/0001744489-24-000276-index.htm,https://www.sec.gov/Archives/edgar/data/1744489/000174448924000276/dis-20240928.htm
2023-09-30,DIS,USD,0001744489,2024-01-24,2024-01-24 17:00:30,2023,FY,3390000000,5369000000,-1346000000,1143000000,177000000,358000000,-183000000,-1142000000,1144000000,1133000000,9866000000,-4969000000,0,0,458000000,-130000000,-4641000000,-1783000000,0,0,0,-941000000,-2724000000,73000000,2574000000,14235000000,11661000000,9866000000,-4969000000,4897000000,https://www.sec.gov/Archives/edgar/data/1744489/000174448924000064/0001744489-24-000064-index.htm,https://www.sec.gov/Archives/edgar/data/1744489/000174448924000064/dis-20230930.htm
2022-10-01,DIS,USD,0001744489,2023-01-24,2023-01-24 16:15:45,2022,FY,3553000000,5163000000,200000000,977000000,488000000,605000000,-420000000,964000000,-661000000,-4371000000,6010000000,-4943000000,0,0,52000000,-117000000,-5008000000,-4017000000,0,0,0,-724000000,-4741000000,-603000000,-4342000000,11661000000,16003000000,6010000000,-4943000000,1067000000,https://www.sec.gov/Archives/edgar/data/1744489/000119312523014219/0001193125-23-014219-index.htm,https://www.sec.gov/Archives/edgar/data/1744489/000119312523014219/d431948d10ka.htm
2021-10-02,DIS,USD,0001744489,2021-11-24,2021-11-24 16:34:25,2021,FY,2536000000,5111000000,-1241000000,600000000,2194000000,-357000000,252000000,2410000000,-111000000,-3633000000,5567000000,-3578000000,0,0,337000000,78000000,-3163000000,-3699000000,0,0,0,-686000000,-4385000000,30000000,-1951000000,16003000000,17954000000,5567000000,-3578000000,1989000000,https://www.sec.gov/Archives/edgar/data/1744489/000174448921000220/0001744489-21-000220-index.htm,https://www.sec.gov/Archives/edgar/data/1744489/000174448921000220/dis-20211002.htm
2020-10-03,DIS,USD,0001744489,2020-11-25,2020-11-25 16:59:53,2020,FY,-2442000000,5345000000,-392000000,525000000,-645000000,1943000000,14000000,-2293000000,-309000000,5227000000,7618000000,-4022000000,0,0,0,385000000,-3637000000,11233000000,0,0,-1587000000,-1166000000,8480000000,38000000,12499000000,17954000000,5455000000,7618000000,-4022000000,3596000000,https://www.sec.gov/Archives/edgar/data/1744489/000174448920000197/0001744489-20-000197-index.htm,https://www.sec.gov/Archives/edgar/data/1744489/000174448920000197/dis-20201003.htm
2025-01-31,WMT,USD,0000104169,2025-03-14,2025-03-14 16:40:52,2025,FY,20157000000,12973000000,-635000000,0,181000000,-1106000000,-2755000000,3228000000,814000000,3767000000,36443000000,-23783000000,-1896000000,0,4080000000,220000000,-21379000000,-1256000000,0,-4494000000,-6688000000,-2384000000,-14822000000,-641000000,-399000000,9536000000,9935000000,36443000000,-23783000000,12660000000,https://www.sec.gov/Archives/edgar/data/104169/000010416925000021/0000104169-25-000021-index.htm,https://www.sec.gov/Archives/edgar/data/104169/000010416925000021/wmt-20250131.htm
2024-01-31,WMT,USD,0000104169,2024-03-15,2024-03-15 16:54:48,2024,FY,16270000000,11853000000,-175000000,0,1943000000,-797000000,2017000000,2515000000,-1792000000,5835000000,35726000000,-20606000000,126000000,0,0,-807000000,-21287000000,1262000000,0,-2779000000,-6140000000,-5757000000,-13414000000,69000000,1094000000,9935000000,8841000000,35726000000,-20606000000,15120000000,https://www.sec.gov/Archives/edgar/data/104169/000010416924000056/0000104169-24-000056-index.htm,https://www.sec.gov/Archives/edgar/data/104169/000010416924000056/wmt-20240131.htm
2023-01-31,WMT,USD,0000104169,2023-03-17,2023-03-17 17:02:59,2023,FY,11292000000,10945000000,449000000,0,2553000000,240000000,-528000000,-1425000000,4266000000,3602000000,28841000000,-16857000000,-740000000,0,0,-125000000,-17722000000,2318000000,0,-9920000000,-6114000000,-3323000000,-17039000000,-73000000,-5993000000,8841000000,14834000000,28841000000,-16857000000,11984000000,https://www.sec.gov/Archives/edgar/data/104169/000010416923000020/0000104169-23-000020-index.htm,https://www.sec.gov/Archives/edgar/data/104169/000010416923000020/wmt-20230131.htm
2022-01-31,WMT,USD,0000104169,2022-03-18,2022-03-18 17:03:00,2022,FY,13940000000,10658000000,-755000000,0,-6597000000,-1796000000,-11764000000,5520000000,1443000000,6935000000,24181000000,-13106000000,7576000000,0,0,-485000000,-6015000000,-5872000000,0,-9787000000,-6152000000,-1017000000,-22828000000,1681000000,-2981000000,14834000000,17788000000,24181000000,-13106000000,11075000000,https://www.sec.gov/Archives/edgar/data/104169/000010416922000012/0000104169-22-000012-index.htm,https://www.sec.gov/Archives/edgar/data/104169/000010416922000012/wmt-20220131.htm
2021-01-31,WMT,USD,0000104169,2021-03-19,2021-03-19 16:40:44,2021,FY,13706000000,11152000000,1911000000,0,7972000000,-1086000000,-2395000000,6966000000,4487000000,1333000000,36074000000,-10264000000,91000000,0,0,-1746000000,-11919000000,-5706000000,0,-2625000000,-6116000000,-1670000000,-16117000000,238000000,8276000000,17788000000,9515000000,36074000000,-10264000000,25810000000,https://www.sec.gov/Archives/edgar/data/104169/000010416921000033/0000104169-21-000033-index.htm,https://www.sec.gov/Archives/edgar/data/104169/000010416921000033/wmt-20210131.htm
2024-12-31,MRK,USD,0000310158,2025-02-25,2025-02-25 16:19:11,2024,FY,17133000000,4499000000,-1249000000,761000000,-3667000000,-244000000,-835000000,182000000,-2770000000,3991000000,21468000000,-3372000000,-4093000000,-519000000,377000000,-127000000,-7734000000,2309000000,0,-1306000000,-7840000000,-195000000,-7032000000,-293000000,6409000000,13318000000,6909000000,21468000000,-3372000000,18096000000,https://www.sec.gov/Archives/edgar/data/310158/000162828025007732/0001628280-25-007732-index.htm,https://www.sec.gov/Archives/edgar/data/310158/000162828025007732/mrk-20241231.htm
2023-12-31,MRK,USD,0000310158,2024-04-11,2024-04-11 16:05:38,2023,FY,365000000,3872000000,-1899000000,645000000,-2205000000,-1148000000,-816000000,-380000000,139000000,12228000000,13006000000,-3863000000,-12032000000,-955000000,1658000000,1109000000,-14083000000,4184000000,0,-1346000000,-7445000000,-203000000,-4810000000,23000000,-5864000000,6909000000,12773000000,13006000000,-3863000000,9143000000,https://www.sec.gov/Archives/edgar/data/310158/000119312524093194/0001193125-24-093194-index.htm,https://www.sec.gov/Archives/edgar/data/310158/000119312524093194/d807955d10ka.htm
2022-12-31,MRK,USD,0000310158,2023-02-24,2023-02-24 16:22:30,2022,FY,14526000000,3909000000,-1568000000,541000000,-2782000000,-644000000,-161000000,-289000000,-1688000000,4469000000,19095000000,-4388000000,-121000000,-1204000000,721000000,32000000,-4960000000,-2251000000,384000000,-384000000,-7012000000,144000000,-9119000000,-410000000,4606000000,12773000000,8167000000,19095000000,-4388000000,14707000000,https://www.sec.gov/Archives/edgar/data/310158/000162828023005061/0001628280-23-005061-index.htm,https://www.sec.gov/Archives/edgar/data/310158/000162828023005061/mrk-20221231.htm
2021-12-31,MRK,USD,0000310158,2022-02-25,2022-02-25 16:44:28,2021,FY,12358000000,3214000000,187000000,479000000,-3839000000,-2033000000,-674000000,405000000,-1537000000,1710000000,14109000000,-4448000000,-12907000000,-1000000,1026000000,-225000000,-16555000000,1631000000,0,-840000000,-6610000000,8412000000,2593000000,-133000000,14000000,8167000000,8153000000,14109000000,-4448000000,9661000000,https://www.sec.gov/Archives/edgar/data/310158/000031015822000003/0000310158-22-000003-index.htm,https://www.sec.gov/Archives/edgar/data/310158/000031015822000003/mrk-20211231.htm
2020-12-31,MRK,USD,0000310158,2021-02-25,2021-02-25 16:34:56,2020,FY,7082000000,3625000000,-668000000,441000000,-4590000000,-1002000000,-855000000,724000000,-3457000000,4329000000,10253000000,-4684000000,-6606000000,-1095000000,2812000000,130000000,-9443000000,5011000000,0,-1281000000,-6215000000,-347000000,-2832000000,253000000,-1769000000,8165000000,9934000000,10253000000,-4684000000,5569000000,https://www.sec.gov/Archives/edgar/data/310158/000031015821000004/0000310158-21-000004-index.htm,https://www.sec.gov/Archives/edgar/data/310158/000031015821000004/mrk-20201231.htm
2025-05-31,NKE,USD,0000320187,2025-07-17,2025-07-17 16:25:25,2025,FY,3219000000,775000000,-288000000,709000000,-787000000,-257000000,120000000,-426000000,-224000000,70000000,3698000000,-430000000,0,-3234000000,3381000000,8000000,-275000000,-1001000000,551000000,-2985000000,-2300000000,-85000000,-5820000000,1000000,-2396000000,7464000000,9860000000,3698000000,-430000000,3268000000,https://www.sec.gov/Archives/edgar/data/320187/000032018725000047/0000320187-25-000047-index.htm,https://www.sec.gov/Archives/edgar/data/320187/000032018725000047/nke-20250531.htm
2024-05-31,NKE,USD,0000320187,2024-07-25,2024-07-25 16:16:58,2024,FY,5700000000,844000000,-497000000,804000000,716000000,-329000000,908000000,397000000,-260000000,-138000000,7429000000,-812000000,0,-4767000000,6488000000,-15000000,894000000,0,0,-4250000000,-2169000000,531000000,-5888000000,-16000000,2419000000,9860000000,7441000000,7429000000,-812000000,6617000000,https://www.sec.gov/Archives/edgar/data/320187/000032018724000044/0000320187-24-000044-index.htm,https://www.sec.gov/Archives/edgar/data/320187/000032018724000044/nke-20240531.htm
2023-05-31,NKE,USD,0000320187,2023-07-20,2023-07-20 16:20:36,2023,FY,5070000000,859000000,-117000000,755000000,-513000000,489000000,-133000000,-225000000,-644000000,-213000000,5841000000,-969000000,0,-6059000000,7540000000,52000000,564000000,-504000000,0,-5480000000,-2012000000,549000000,-7447000000,-91000000,-1133000000,7441000000,8574000000,5841000000,-969000000,4872000000,https://www.sec.gov/Archives/edgar/data/320187/000032018723000039/0000320187-23-000039-index.htm,https://www.sec.gov/Archives/edgar/data/320187/000032018723000039/nke-20230531.htm
2022-05-31,NKE,USD,0000320187,2022-07-21,2022-07-21 16:05:53,2022,FY,6046000000,840000000,-650000000,638000000,-1660000000,-504000000,-1676000000,1365000000,-845000000,-26000000,5188000000,-758000000,0,-12913000000,12166000000,-19000000,-1524000000,15000000,0,-4014000000,-1837000000,1000000000,-4836000000,-143000000,-1315000000,8574000000,9889000000,5188000000,-758000000,4430000000,https://www.sec.gov/Archives/edgar/data/320187/000032018722000038/0000320187-22-000038-index.htm,https://www.sec.gov/Archives/edgar/data/320187/000032018722000038/nke-20220531.htm
2021-05-31,NKE,USD,0000320187,2021-07-20,2021-07-20 16:11:03,2021,FY,5727000000,797000000,-385000000,611000000,45000000,-1606000000,507000000,1326000000,-182000000,-138000000,6657000000,-695000000,0,-9961000000,6685000000,171000000,-3800000000,-249000000,0,-608000000,-1638000000,1036000000,-1459000000,143000000,1541000000,9889000000,8348000000,6657000000,-695000000,5962000000,https://www.sec.gov/Archives/edgar/data/320187/000032018721000028/0000320187-21-000028-index.htm,https://www.sec.gov/Archives/edgar/data/320187/000032018721000028/nke-20210531.htm
2024-12-31,KO,USD,0000021344,2025-02-20,2025-02-20 15:17:12,2024,FY,10631000000,1075000000,-11000000,286000000,-6234000000,-295000000,-520000000,1134000000,-6553000000,1058000000,6805000000,-2064000000,3170000000,-5640000000,6589000000,469000000,2524000000,2528000000,747000000,-1795000000,-8359000000,-31000000,-6910000000,-623000000,1796000000,11488000000,9692000000,6805000000,-2064000000,4741000000,https://www.sec.gov/Archives/edgar/data/21344/000002134425000011/0000021344-25-000011-index.htm,https://www.sec.gov/Archives/edgar/data/21344/000002134425000011/ko-20241231.htm
2023-12-31,KO,USD,0000021344,2024-02-20,2024-02-20 13:21:24,2023,FY,10714000000,1128000000,-2000000,254000000,-846000000,-2000000,-597000000,841000000,-1088000000,351000000,11599000000,-1852000000,442000000,-6698000000,4354000000,405000000,-3349000000,1857000000,539000000,-2289000000,-7952000000,-465000000,-8310000000,-73000000,-133000000,9692000000,9825000000,11599000000,-1852000000,9747000000,https://www.sec.gov/Archives/edgar/data/21344/000002134424000009/0000021344-24-000009-index.htm,https://www.sec.gov/Archives/edgar/data/21344/000002134424000009/ko-20231231.htm
2022-12-31,KO,USD,0000021344,2023-02-21,2023-02-21 16:03:20,2022,FY,9571000000,1260000000,-122000000,356000000,-605000000,-69000000,-960000000,759000000,-335000000,558000000,11018000000,-1484000000,385000000,-3751000000,4771000000,-684000000,-763000000,-958000000,837000000,-1418000000,-7616000000,-1095000000,-10250000000,-205000000,-200000000,9825000000,10025000000,11018000000,-1484000000,9534000000,https://www.sec.gov/Archives/edgar/data/21344/000002134423000011/0000021344-23-000011-index.htm,https://www.sec.gov/Archives/edgar/data/21344/000002134423000011/ko-20221231.htm
2021-12-31,KO,USD,0000021344,2022-02-22,2022-02-22 15:45:48,2021,FY,9804000000,1452000000,894000000,337000000,1325000000,-225000000,-135000000,2843000000,-1158000000,-1187000000,12625000000,-1367000000,-2586000000,-6030000000,7059000000,159000000,-2765000000,228000000,702000000,-111000000,-7252000000,-353000000,-6786000000,-159000000,2915000000,10025000000,7110000000,12625000000,-1367000000,11258000000,https://www.sec.gov/Archives/edgar/data/21344/000002134422000009/0000021344-22-000009-index.htm,https://www.sec.gov/Archives/edgar/data/21344/000002134422000009/ko-20211231.htm
2020-12-31,KO,USD,0000021344,2021-02-25,2021-02-25 13:47:17,2020,FY,7768000000,1536000000,-18000000,126000000,690000000,882000000,99000000,-860000000,569000000,-258000000,9844000000,-1177000000,-863000000,-13583000000,13835000000,311000000,-1477000000,-1862000000,647000000,-118000000,-7047000000,310000000,-8070000000,76000000,373000000,7110000000,6737000000,9844000000,-1177000000,8667000000,https://www.sec.gov/Archives/edgar/data/21344/000002134421000008/0000021344-21-000008-index.htm,https://www.sec.gov/Archives/edgar/data/21344/000002134421000008/ko-20201231.htm
2024-07-27,CSCO,USD,0000858877,2024-09-05,2024-09-05 16:41:20,2024,FY,10320000000,2507000000,-972000000,3074000000,-4298000000,-213000000,275000000,-90000000,-4270000000,249000000,10880000000,-670000000,-25994000000,-4514000000,10705000000,-5000000,-20478000000,19330000000,714000000,-6779000000,-6384000000,-37000000,6844000000,-31000000,-2785000000,8842000000,11627000000,10880000000,-670000000,10210000000,https://www.sec.gov/Archives/edgar/data/858877/000085887724000017/0000858877-24-000017-index.htm,https://www.sec.gov/Archives/edgar/data/858877/000085887724000017/csco-20240727.htm
2023-07-29,CSCO,USD,0000858877,2023-09-07,2023-09-07 16:30:09,2023,FY,12613000000,1726000000,-2085000000,2353000000,5042000000,734000000,-1069000000,27000000,5350000000,237000000,19886000000,-849000000,-301000000,-11056000000,7122000000,-23000000,-5107000000,-1102000000,700000000,-4890000000,-6302000000,-32000000,-11626000000,-105000000,3048000000,11627000000,8579000000,19886000000,-849000000,19037000000,https://www.sec.gov/Archives/edgar/data/858877/000085887723000023/0000858877-23-000023-index.htm,https://www.sec.gov/Archives/edgar/data/858877/000085887723000023/csco-20230729.htm
2022-07-30,CSCO,USD,0000858877,2022-09-08,2022-09-08 16:47:54,2022,FY,11812000000,1957000000,-309000000,1886000000,-1722000000,-1009000000,-1030000000,-55000000,372000000,-398000000,13226000000,-477000000,-373000000,-6256000000,8583000000,76000000,1553000000,-1895000000,660000000,-8381000000,-6224000000,-122000000,-15962000000,-180000000,-1363000000,8579000000,9942000000,13226000000,-477000000,12749000000,https://www.sec.gov/Archives/edgar/data/858877/000085887722000013/0000858877-22-000013-index.htm,https://www.sec.gov/Archives/edgar/data/858877/000085887722000013/csco-20220730.htm
2021-07-31,CSCO,USD,0000858877,2021-09-09,2021-09-09 16:39:49,2021,FY,10591000000,1862000000,-384000000,1761000000,1984000000,-107000000,-244000000,-53000000,2388000000,-360000000,15454000000,-692000000,-7038000000,-9503000000,11976000000,-28000000,-5285000000,-3005000000,643000000,-3513000000,-6163000000,-1000000,-12097000000,58000000,-1870000000,9942000000,11812000000,15454000000,-692000000,14762000000,https://www.sec.gov/Archives/edgar/data/858877/000085887721000013/0000858877-21-000013-index.htm,https://www.sec.gov/Archives/edgar/data/858877/000085887721000013/csco-20210731.htm
2020-07-25,CSCO,USD,0000858877,2020-09-03,2020-09-03 17:05:55,2020,FY,11214000000,1808000000,-38000000,1569000000,918000000,-107000000,84000000,141000000,800000000,-45000000,15426000000,-770000000,-327000000,-9402000000,13830000000,169000000,3500000000,-10190000000,655000000,-3386000000,-6016000000,81000000,-18856000000,-30000000,40000000,11812000000,11772000000,15426000000,-770000000,14656000000,https://www.sec.gov/Archives/edgar/data/858877/000085887720000010/0000858877-20-000010-index.htm,https://www.sec.gov/Archives/edgar/data/858877/000085887720000010/csco-2020725x10k.htm
2024-12-31,VZ,USD,0000732712,2025-02-12,2025-02-12 10:19:07,2024,FY,17949000000,17892000000,815000000,0,-2278000000,-2565000000,-196000000,1109000000,-626000000,2534000000,36912000000,-17990000000,0,0,0,-684000000,-18674000000,-4776000000,0,0,-11249000000,-1075000000,-17100000000,0,1138000000,4635000000,3497000000,36912000000,-17990000000,18922000000,https://www.sec.gov/Archives/edgar/data/732712/000073271225000006/0000732712-25-000006-index.htm,https://www.sec.gov/Archives/edgar/data/732712/000073271225000006/vz-20241231.htm
2023-12-31,VZ,USD,0000732712,2024-02-09,2024-02-09 10:51:34,2023,FY,12095000000,17624000000,2388000000,0,-267000000,-2198000000,287000000,2079000000,-435000000,5635000000,37475000000,-24563000000,-30000000,0,0,1161000000,-23432000000,-2162000000,0,0,-11025000000,-1470000000,-14657000000,0,-614000000,3497000000,4111000000,37475000000,-18767000000,18708000000,https://www.sec.gov/Archives/edgar/data/732712/000073271224000010/0000732712-24-000010-index.htm,https://www.sec.gov/Archives/edgar/data/732712/000073271224000010/vz-20231231.htm
2022-12-31,VZ,USD,0000732712,2023-02-10,2023-02-10 11:54:36,2022,FY,21748000000,17099000000,2973000000,609000000,-456000000,-1978000000,627000000,-33000000,928000000,-4832000000,37141000000,-26740000000,281000000,-2265000000,0,62000000,-28662000000,4348000000,0,0,-10805000000,-2072000000,-8529000000,0,-50000000,4111000000,4161000000,37141000000,-26740000000,10401000000,https://www.sec.gov/Archives/edgar/data/732712/000073271223000012/0000732712-23-000012-index.htm,https://www.sec.gov/Archives/edgar/data/732712/000073271223000012/vz-20221231.htm
2021-12-31,VZ,USD,0000732712,2022-02-11,2022-02-11 14:04:46,2021,FY,22618000000,16206000000,4264000000,0,-890000000,-1592000000,-905000000,1457000000,150000000,-2659000000,39539000000,-20286000000,57000000,-21000000,21000000,-46924000000,-67153000000,22554000000,0,0,-10445000000,-3832000000,8277000000,0,-19337000000,4161000000,23498000000,39539000000,-20286000000,19253000000,https://www.sec.gov/Archives/edgar/data/732712/000073271222000008/0000732712-22-000008-index.htm,https://www.sec.gov/Archives/edgar/data/732712/000073271222000008/vz-20211231.htm
2020-12-31,VZ,USD,0000732712,2021-02-25,2021-02-25 14:08:10,2020,FY,18348000000,16720000000,1553000000,0,56000000,189000000,-369000000,-966000000,1202000000,5091000000,41768000000,-20318000000,-520000000,0,0,-2674000000,-23512000000,14269000000,0,0,-10232000000,-2712000000,1325000000,0,19581000000,23498000000,3917000000,41768000000,-20318000000,21450000000,https://www.sec.gov/Archives/edgar/data/732712/000073271221000012/0000732712-21-000012-index.htm,https://www.sec.gov/Archives/edgar/data/732712/000073271221000012/vz-20201231.htm
