date,symbol,reported_currency,cik,filling_date,accepted_date,calendar_year,period,revenue,cost_of_revenue,gross_profit,gross_profit_ratio,research_and_development_expenses,general_and_administrative_expenses,selling_and_marketing_expenses,selling_general_and_administrative_expenses,other_expenses,operating_expenses,cost_and_expenses,interest_income,interest_expense,depreciation_and_amortization,ebitda,ebitdaratio,operating_income,operating_income_ratio,total_other_income_expenses_net,income_before_tax,income_before_tax_ratio,income_tax_expense,net_income,net_income_ratio,eps,epsdiluted,weighted_average_shs_out,weighted_average_shs_out_dil,link,final_link
2024-12-31,GS,USD,0000886982,2025-02-27,2025-02-27 08:50:25,2024,FY,126853000000,74689000000,52164000000,0.4112161321,0,16706000000,646000000,17352000000,16415000000,33767000000,108456000000,81397000000,73341000000,2392000000,20789000000,0.1638826043,18397000000,0.1450261326,0,18397000000,0.1450261326,4121000000,14276000000,0.1125397113,41.22,40.54,328100000,333600000,https://www.sec.gov/Archives/edgar/data/886982/000088698225000005/0000886982-25-000005-index.htm,https://www.sec.gov/Archives/edgar/data/886982/000088698225000005/gs-20241231.htm
2023-12-31,GS,USD,0000886982,2024-02-28,2024-02-27 21:46:02,2023,FY,108418000000,63192000000,45226000000,0.4171447546,0,15499000000,629000000,16128000000,18359000000,34487000000,97679000000,68515000000,62164000000,4856000000,15595000000,0.1438414285,10739000000,0.099051818,0,10739000000,0.099051818,2223000000,8516000000,0.0785478426,23.05,22.87,340800000,345800000,https://www.sec.gov/Archives/edgar/data/886982/000088698224000012/0000886982-24-000012-index.htm,https://www.sec.gov/Archives/edgar/data/886982/000088698224000012/gs-20231231.htm
2022-12-31,GS,USD,0000886982,2023-02-24,2023-02-23 19:58:16,2022,FY,68711000000,24061000000,44650000000,0.6498231724,0,15148000000,812000000,15960000000,15204000000,31164000000,55225000000,29024000000,21346000000,2455000000,15941000000,0.2320006986,13486000000,0.1962713394,0,13486000000,0.1962713394,2225000000,11261000000,0.1638893336,30.57,30.06,352100000,358100000,https://www.sec.gov/Archives/edgar/data/886982/000088698223000003/0000886982-23-000003-index.htm,https://www.sec.gov/Archives/edgar/data/886982/000088698223000003/gs-20221231.htm
2021-12-31,GS,USD,0000886982,2022-02-25,2022-02-24 21:09:11,2021,FY,64989000000,6007000000,58982000000,0.9075689732,0,17719000000,553000000,18272000000,13666000000,31938000000,37945000000,12120000000,5650000000,2015000000,29059000000,0.4471372078,27044000000,0.4161319608,0,27044000000,0.4161319608,5409000000,21635000000,0.3329024912,60.35,59.45,350500000,355800000,https://www.sec.gov/Archives/edgar/data/886982/000119312522052682/0001193125-22-052682-index.htm,https://www.sec.gov/Archives/edgar/data/886982/000119312522052682/d192225d10k.htm
2020-12-31,GS,USD,0000886982,2021-02-22,2021-02-19 21:16:45,2020,FY,53497000000,12036000000,41461000000,0.7750154214,0,13309000000,401000000,13710000000,15272000000,28982000000,41018000000,13689000000,8938000000,1902000000,14381000000,0.2688188123,12479000000,0.2332654168,0,12479000000,0.2332654168,3020000000,9459000000,0.1768136531,25.01,24.74,356400000,360300000,https://www.sec.gov/Archives/edgar/data/886982/000119312521049380/0001193125-21-049380-index.htm,https://www.sec.gov/Archives/edgar/data/886982/000119312521049380/d39654d10k.htm
2025-06-30,MSFT,USD,0000789019,2025-07-30,2025-07-30 16:11:40,2025,FY,281724000000,87831000000,193893000000,0.6882374239,32488000000,7223000000,25654000000,32877000000,0,65365000000,153196000000,2647000000,2385000000,34153000000,160165000000,0.5685174142,128528000000,0.4562195624,-4901000000,123627000000,0.4388231035,21795000000,101832000000,0.3614601525,13.7,13.64,7433000000,7465000000,https://www.sec.gov/Archives/edgar/data/789019/000095017025100235/0000950170-25-100235-index.htm,https://www.sec.gov/Archives/edgar/data/789019/000095017025100235/msft-20250630.htm
2024-06-30,MSFT,USD,0000789019,2024-07-30,2024-07-30 16:06:22,2024,FY,245122000000,74114000000,171008000000,0.6976444383,29510000000,7609000000,24456000000,32065000000,0,61575000000,135689000000,3157000000,2935000000,22287000000,133009000000,0.5426236731,109433000000,0.4464429957,-1646000000,107787000000,0.4397279722,19651000000,88136000000,0.3595597294,11.86,11.8,7431000000,7469000000,https://www.sec.gov/Archives/edgar/data/789019/000095017024087843/0000950170-24-087843-index.htm,https://www.sec.gov/Archives/edgar/data/789019/000095017024087843/msft-20240630.htm
2023-06-30,MSFT,USD,0000789019,2023-07-27,2023-07-27 16:01:56,2023,FY,211915000000,65863000000,146052000000,0.6892008588,27195000000,7575000000,22759000000,30334000000,0,57529000000,123392000000,2994000000,1968000000,13861000000,105140000000,0.4961423212,88523000000,0.4177288064,788000000,89311000000,0.4214472784,16950000000,72361000000,0.3414623788,9.72,9.68,7446000000,7472000000,https://www.sec.gov/Archives/edgar/data/789019/000095017023035122/0000950170-23-035122-index.htm,https://www.sec.gov/Archives/edgar/data/789019/000095017023035122/msft-20230630.htm
2022-06-30,MSFT,USD,0000789019,2022-07-28,2022-07-28 16:06:19,2022,FY,198270000000,62650000000,135620000000,0.6840167448,24512000000,5900000000,21825000000,27725000000,0,52237000000,114887000000,2094000000,2063000000,14460000000,100239000000,0.5055681646,83383000000,0.4205527816,333000000,83716000000,0.4222323095,10978000000,72738000000,0.3668633681,9.7,9.65,7496000000,7540000000,https://www.sec.gov/Archives/edgar/data/789019/000156459022026876/0001564590-22-026876-index.htm,https://www.sec.gov/Archives/edgar/data/789019/000156459022026876/msft-10k_20220630.htm
2021-06-30,MSFT,USD,0000789019,2021-07-29,2021-07-29 16:21:55,2021,FY,168088000000,52232000000,115856000000,0.6892580077,20716000000,5107000000,20117000000,25224000000,0,45940000000,98172000000,2131000000,2346000000,11686000000,85134000000,0.5064846985,69916000000,0.4159487887,1186000000,71102000000,0.4230046166,9831000000,61271000000,0.3645173956,8.12,8.05,7547000000,7608000000,https://www.sec.gov/Archives/edgar/data/789019/000156459021039151/0001564590-21-039151-index.htm,https://www.sec.gov/Archives/edgar/data/789019/000156459021039151/msft-10k_20210630.htm
2024-12-31,CAT,USD,0000018230,2025-02-14,2025-02-14 09:36:30,2024,FY,64809000000,41485000000,23324000000,0.3598882871,2107000000,0,0,6667000000,1478000000,10252000000,51737000000,482000000,512000000,2153000000,16038000000,0.2474656298,13072000000,0.2017003811,345000000,13417000000,0.2070237158,2629000000,10792000000,0.1665200821,22.17,22.05,486700000,489400000,https://www.sec.gov/Archives/edgar/data/18230/000001823025000008/0000018230-25-000008-index.htm,https://www.sec.gov/Archives/edgar/data/18230/000001823025000008/cat-20241231.htm
2023-12-31,CAT,USD,0000018230,2024-02-16,2024-02-16 10:05:13,2023,FY,67060000000,43797000000,23263000000,0.3468983,2108000000,0,0,6371000000,1818000000,10297000000,54094000000,494000000,511000000,2144000000,15705000000,0.2341932598,12966000000,0.1933492395,147000000,13113000000,0.1955413063,2781000000,10335000000,0.1541157173,20.24,20.12,510600000,513600000,https://www.sec.gov/Archives/edgar/data/18230/000001823024000009/0000018230-24-000009-index.htm,https://www.sec.gov/Archives/edgar/data/18230/000001823024000009/cat-20231231.htm
2022-12-31,CAT,USD,0000018230,2023-02-15,2023-02-15 10:27:56,2022,FY,59427000000,41915000000,17512000000,0.294680869,1814000000,0,0,5651000000,2143000000,9608000000,51523000000,167000000,443000000,2219000000,11414000000,0.1920675787,7904000000,0.1330035169,867000000,8771000000,0.147592845,2067000000,6705000000,0.1128275027,12.73,12.64,526900000,530400000,https://www.sec.gov/Archives/edgar/data/18230/000001823023000011/0000018230-23-000011-index.htm,https://www.sec.gov/Archives/edgar/data/18230/000001823023000011/cat-20221231.htm
2021-12-31,CAT,USD,0000018230,2022-02-16,2022-02-16 10:50:47,2021,FY,50971000000,35968000000,15003000000,0.2943438426,1686000000,0,0,5365000000,1074000000,8125000000,44093000000,80000000,488000000,2352000000,11044000000,0.2166722254,6878000000,0.1349394754,1357000000,8235000000,0.1615624571,1742000000,6489000000,0.1273076848,11.93,11.83,544000000,548500000,https://www.sec.gov/Archives/edgar/data/18230/000001823022000050/0000018230-22-000050-index.htm,https://www.sec.gov/Archives/edgar/data/18230/000001823022000050/cat-20211231.htm
2020-12-31,CAT,USD,0000018230,2021-02-17,2021-02-17 10:41:38,2020,FY,41748000000,29671000000,12077000000,0.289283319,1415000000,0,0,4642000000,1467000000,7524000000,37195000000,112000000,514000000,2432000000,6941000000,0.1662594615,4553000000,0.1090591166,-544000000,4009000000,0.0960285523,1006000000,2998000000,0.0718118233,5.51,5.46,544100000,548600000,https://www.sec.gov/Archives/edgar/data/18230/000001823021000063/0000018230-21-000063-index.htm,https://www.sec.gov/Archives/edgar/data/18230/000001823021000063/cat-20201231.htm
2025-02-02,HD,USD,0000354950,2025-03-21,2025-03-20 18:36:42,2024,FY,159514000000,106206000000,53308000000,0.3341901024,0,27548000000,1200000000,28748000000,3034000000,31782000000,137988000000,201000000,2321000000,3761000000,25435000000,0.1594530888,21526000000,0.1349474027,-2120000000,19406000000,0.1216570332,4600000000,14806000000,0.092819439,14.96,14.91,990000000,993000000,https://www.sec.gov/Archives/edgar/data/354950/000035495025000085/0000354950-25-000085-index.htm,https://www.sec.gov/Archives/edgar/data/354950/000035495025000085/hd-20250202.htm
2024-01-28,HD,USD,0000354950,2024-03-13,2024-03-13 16:31:59,2023,FY,152669000000,101709000000,50960000000,0.333794025,0,25498000000,1100000000,26598000000,2673000000,29271000000,130980000000,178000000,1943000000,3247000000,25114000000,0.1644996692,21689000000,0.1420655143,-1765000000,19924000000,0.1305045556,4781000000,15143000000,0.0991884404,15.16,15.11,999000000,1002000000,https://www.sec.gov/Archives/edgar/data/354950/000035495024000062/0000354950-24-000062-index.htm,https://www.sec.gov/Archives/edgar/data/354950/000035495024000062/hd-20240128.htm
2023-01-29,HD,USD,0000354950,2023-03-15,2023-03-15 16:22:15,2022,FY,157403000000,104625000000,52778000000,0.3353049179,0,25199000000,1085000000,26284000000,2455000000,28739000000,133364000000,55000000,1617000000,2975000000,27069000000,0.1719725799,24039000000,0.1527226292,-1562000000,22477000000,0.1427990572,5372000000,17105000000,0.1086701016,16.74,16.69,1022000000,1025000000,https://www.sec.gov/Archives/edgar/data/354950/000035495023000059/0000354950-23-000059-index.htm,https://www.sec.gov/Archives/edgar/data/354950/000035495023000059/hd-20230129.htm
2022-01-30,HD,USD,0000354950,2022-03-23,2022-03-23 16:25:53,2021,FY,151157000000,100325000000,50832000000,0.3362861131,0,24362000000,1044000000,25406000000,2386000000,27792000000,128117000000,44000000,1347000000,2862000000,25946000000,0.1716493447,23040000000,0.1524243006,-1303000000,21737000000,0.1438041242,5304000000,16433000000,0.10871478,15.59,15.53,1054000000,1058000000,https://www.sec.gov/Archives/edgar/data/354950/000035495022000070/0000354950-22-000070-index.htm,https://www.sec.gov/Archives/edgar/data/354950/000035495022000070/hd-20220130.htm
2021-01-31,HD,USD,0000354950,2021-03-24,2021-03-24 16:46:14,2020,FY,132110000000,87257000000,44853000000,0.3395125274,0,23538000000,909000000,24447000000,2128000000,26575000000,113832000000,47000000,1347000000,2519000000,20844000000,0.1577776096,18278000000,0.1383544016,-1300000000,16978000000,0.128514117,4112000000,12866000000,0.0973885399,11.98,11.94,1074000000,1078000000,https://www.sec.gov/Archives/edgar/data/354950/000035495021000089/0000354950-21-000089-index.htm,https://www.sec.gov/Archives/edgar/data/354950/000035495021000089/hd-20210131.htm
2024-12-31,SHW,USD,0000089800,2025-02-20,2025-02-20 17:24:24,2024,FY,23098500000,11946200000,11152300000,0.4828149014,217300000,0,0,7162000000,1300000,7378000000,19324200000,11000000,431400000,624000000,4507200000,0.1951295539,3774300000,0.1634002208,-322500000,3451800000,0.1494382752,770400000,2681400000,0.1160854601,10.68,10.55,254100000,254100000,https://www.sec.gov/Archives/edgar/data/89800/000008980025000030/0000089800-25-000030-index.htm,https://www.sec.gov/Archives/edgar/data/89800/000008980025000030/shw-20241231.htm
2023-12-31,SHW,USD,0000089800,2024-02-20,2024-02-20 15:57:54,2023,FY,23051900000,12363300000,10688600000,0.4636754454,196600000,0,0,6789700000,-80700000,7067000000,19430300000,25200000,432500000,622500000,4164900000,0.1806749118,3621600000,0.1571063557,-511700000,3109900000,0.1349086192,721100000,2388800000,0.1036270329,9.35,9.25,255400000,258300000,https://www.sec.gov/Archives/edgar/data/89800/000008980024000033/0000089800-24-000033-index.htm,https://www.sec.gov/Archives/edgar/data/89800/000008980024000033/shw-20231231.htm
2022-12-31,SHW,USD,0000089800,2023-02-22,2023-02-22 15:39:08,2022,FY,22148900000,12834800000,9314100000,0.4205220124,119300000,0,0,6014500000,-131900000,6265700000,19100500000,8000000,403000000,998000000,3974100000,0.1794265178,3048400000,0.1376321172,-475300000,2573100000,0.1161728122,553000000,2020100000,0.0912054323,7.83,7.72,258000000,261800000,https://www.sec.gov/Archives/edgar/data/89800/000008980023000007/0000089800-23-000007-index.htm,https://www.sec.gov/Archives/edgar/data/89800/000008980023000007/shw-20221231.htm
2021-12-31,SHW,USD,0000089800,2022-02-17,2022-02-17 16:32:56,2021,FY,19944600000,11476900000,8467700000,0.4245610341,115900000,0,0,5572500000,-114600000,5803000000,17279900000,4900000,345000000,973300000,3566900000,0.1788403879,2664700000,0.1336050861,-416100000,2248600000,0.1127422962,384200000,1864400000,0.0934789367,7.1,6.98,262500000,267100000,https://www.sec.gov/Archives/edgar/data/89800/000008980022000007/0000089800-22-000007-index.htm,https://www.sec.gov/Archives/edgar/data/89800/000008980022000007/shw-20211231.htm
2020-12-31,SHW,USD,0000089800,2021-02-19,2021-02-19 11:42:20,2020,FY,18361700000,9806700000,8555000000,0.4659154653,97100000,0,0,5477900000,-125800000,5700800000,15507500000,3600000,350800000,999800000,3869800000,0.2107539062,2854200000,0.1554431235,-335000000,2519200000,0.1371986254,488800000,2030400000,0.1105779966,7.48,7.36,271277577,275827863,https://www.sec.gov/Archives/edgar/data/89800/000008980021000010/0000089800-21-000010-index.htm,https://www.sec.gov/Archives/edgar/data/89800/000008980021000010/shw-20201231.htm
2024-09-30,V,USD,0001403161,2024-11-13,2024-11-13 17:14:01,2024,FY,35926000000,7042000000,28884000000,0.8039859712,0,2233000000,1560000000,3793000000,1496000000,5289000000,12331000000,0,641000000,1034000000,25591000000,0.7123253354,23595000000,0.6567666871,321000000,23916000000,0.6657017202,4173000000,19743000000,0.5495462896,9.74,9.73,2029000000,2029000000,https://www.sec.gov/Archives/edgar/data/1403161/000140316124000058/0001403161-24-000058-index.htm,https://www.sec.gov/Archives/edgar/data/1403161/000140316124000058/v-20240930.htm
2023-09-30,V,USD,0001403161,2023-11-15,2023-11-15 16:07:14,2023,FY,32653000000,6567000000,26086000000,0.7988852479,0,1875000000,1341000000,3216000000,1870000000,5086000000,11653000000,0,644000000,943000000,22624000000,0.6928612991,21000000000,0.6431262059,37000000,21037000000,0.644259333,3764000000,17273000000,0.5289866168,8.29,8.28,2085000000,2085000000,https://www.sec.gov/Archives/edgar/data/1403161/000140316123000099/0001403161-23-000099-index.htm,https://www.sec.gov/Archives/edgar/data/1403161/000140316123000099/v-20230930.htm
2022-09-30,V,USD,0001403161,2022-11-16,2022-11-16 16:06:43,2022,FY,29310000000,5733000000,23577000000,0.8044012282,0,1699000000,1336000000,3035000000,1729000000,4764000000,10497000000,0,538000000,861000000,19535000000,0.6664960764,18813000000,0.6418628454,-677000000,18136000000,0.6187649266,3179000000,14957000000,0.5103036506,7.01,7.0,2136000000,2136000000,https://www.sec.gov/Archives/edgar/data/1403161/000140316122000081/0001403161-22-000081-index.htm,https://www.sec.gov/Archives/edgar/data/1403161/000140316122000081/v-20220930.htm
2021-09-30,V,USD,0001403161,2021-11-18,2021-11-18 16:06:50,2021,FY,24105000000,4970000000,19135000000,0.7938187098,0,1388000000,1136000000,2524000000,807000000,3331000000,8301000000,0,513000000,804000000,17380000000,0.7210122381,15804000000,0.6556316117,259000000,16063000000,0.6663762705,3752000000,12311000000,0.5107239162,5.63,5.63,2130301000,2188000000,https://www.sec.gov/Archives/edgar/data/1403161/000140316121000060/0001403161-21-000060-index.htm,https://www.sec.gov/Archives/edgar/data/1403161/000140316121000060/v-20210930.htm
2020-09-30,V,USD,0001403161,2020-11-19,2020-11-19 16:03:34,2020,FY,21846000000,4512000000,17334000000,0.7934633342,0,1504000000,971000000,2475000000,778000000,3253000000,7765000000,0,516000000,767000000,15073000000,0.6899661265,14081000000,0.644557356,-291000000,13790000000,0.6312368397,2924000000,10866000000,0.4973908267,4.9,4.89,2140301000,2223000000,https://www.sec.gov/Archives/edgar/data/1403161/000140316120000070/0001403161-20-000070-index.htm,https://www.sec.gov/Archives/edgar/data/1403161/000140316120000070/v-20200930.htm
2024-12-31,MCD,USD,0000063908,2025-02-25,2025-02-25 13:19:01,2024,FY,25920000000,11210000000,14710000000,0.5675154321,0,0,0,2412000000,586000000,2998000000,14208000000,103000000,1506000000,2097000000,13948000000,0.538117284,11712000000,0.4518518519,-1367000000,10345000000,0.3991126543,2121000000,8223000000,0.3172453704,11.45,11.39,718300000,721900000,https://www.sec.gov/Archives/edgar/data/63908/000006390825000012/0000063908-25-000012-index.htm,https://www.sec.gov/Archives/edgar/data/63908/000006390825000012/mcd-20241231.htm
2023-12-31,MCD,USD,0000063908,2024-02-22,2024-02-22 12:31:15,2023,FY,25495000000,10931000000,14564000000,0.5712492646,0,0,0,2435000000,482000000,2917000000,13848000000,187000000,1361000000,1978000000,13861000000,0.5436752304,11647000000,0.4568346735,-1125000000,10522000000,0.4127083742,2053000000,8469000000,0.3321827809,11.63,11.56,727900000,732300000,https://www.sec.gov/Archives/edgar/data/63908/000006390824000072/0000063908-24-000072-index.htm,https://www.sec.gov/Archives/edgar/data/63908/000006390824000072/mcd-20231231.htm
2022-12-31,MCD,USD,0000063908,2023-02-24,2023-02-24 12:34:36,2022,FY,23182000000,9975000000,13207000000,0.5697092572,0,0,0,2492000000,1344000000,3836000000,13811000000,44000000,1207000000,1871000000,10903000000,0.4703218014,9371000000,0.4042360452,-1546000000,7825000000,0.3375463722,1648000000,6177000000,0.2664567337,8.39,8.33,736500000,741300000,https://www.sec.gov/Archives/edgar/data/63908/000006390823000012/0000063908-23-000012-index.htm,https://www.sec.gov/Archives/edgar/data/63908/000006390823000012/mcd-20221231.htm
2021-12-31,MCD,USD,0000063908,2022-02-24,2022-02-24 16:19:08,2021,FY,23222900000,10642700000,12580200000,0.5417152896,0,0,0,2377800000,-153600000,2224200000,12866900000,9000000,1185800000,1868100000,12181800000,0.5245598095,10356000000,0.4459391377,-1228100000,9127900000,0.3930559921,1582700000,7545200000,0.3249034358,10.11,10.04,746300000,751800000,https://www.sec.gov/Archives/edgar/data/63908/000006390822000011/0000063908-22-000011-index.htm,https://www.sec.gov/Archives/edgar/data/63908/000006390822000011/mcd-20211231.htm
2020-12-31,MCD,USD,0000063908,2021-02-23,2021-02-23 13:50:20,2020,FY,19207800000,9455700000,9752100000,0.5077156155,0,0,0,2245000000,183100000,2428100000,11883800000,18000000,1218100000,1751400000,9110200000,0.4742969002,7324000000,0.3813034288,-1183300000,6140700000,0.3196982476,1410200000,4730500000,0.246280157,6.35,6.31,744600000,750100000,https://www.sec.gov/Archives/edgar/data/63908/000006390821000013/0000063908-21-000013-index.htm,https://www.sec.gov/Archives/edgar/data/63908/000006390821000013/mcd-20201231.htm
2024-12-31,AXP,USD,0000004962,2025-02-07,2025-02-07 14:10:04,2024,FY,74201000000,13437000000,60764000000,0.8189107964,0,8198000000,6040000000,14238000000,33631000000,47869000000,61306000000,23795000000,8252000000,1676000000,14571000000,0.1963720165,12895000000,0.1737847199,0,12895000000,0.1737847199,2766000000,10129000000,0.1365075942,13.82,14.02,713000000,713000000,https://www.sec.gov/Archives/edgar/data/4962/000000496225000016/0000004962-25-000016-index.htm,https://www.sec.gov/Archives/edgar/data/4962/000000496225000016/axp-20241231.htm
2023-12-31,AXP,USD,0000004962,2024-02-09,2024-02-09 14:08:08,2023,FY,67364000000,11772000000,55592000000,0.8252479069,0,8067000000,5213000000,13280000000,31799000000,45079000000,56851000000,19983000000,6849000000,1651000000,12164000000,0.180571225,10513000000,0.1560625854,0,10513000000,0.1560625854,2139000000,8374000000,0.1243097203,11.23,11.21,735000000,736000000,https://www.sec.gov/Archives/edgar/data/4962/000000496224000013/0000004962-24-000013-index.htm,https://www.sec.gov/Archives/edgar/data/4962/000000496224000013/axp-20231231.htm
2022-12-31,AXP,USD,0000004962,2023-02-10,2023-02-10 15:21:14,2022,FY,55625000000,4945000000,50680000000,0.9111011236,0,7252000000,5458000000,12710000000,28385000000,41095000000,46040000000,12658000000,2763000000,1626000000,11211000000,0.2015460674,9585000000,0.1723146067,0,9585000000,0.1723146067,2071000000,7514000000,0.1350831461,9.85,9.84,751000000,752000000,https://www.sec.gov/Archives/edgar/data/4962/000000496223000006/0000004962-23-000006-index.htm,https://www.sec.gov/Archives/edgar/data/4962/000000496223000006/axp-20221231.htm
2021-12-31,AXP,USD,0000004962,2022-02-11,2022-02-11 15:42:21,2021,FY,44430000000,-136000000,44566000000,1.0030609948,0,6240000000,5291000000,11531000000,22346000000,33877000000,33741000000,9033000000,1283000000,1695000000,12384000000,0.2787305874,10689000000,0.2405806887,0,10689000000,0.2405806887,2629000000,8060000000,0.1814089579,10.03,10.02,789000000,790000000,https://www.sec.gov/Archives/edgar/data/4962/000000496222000008/0000004962-22-000008-index.htm,https://www.sec.gov/Archives/edgar/data/4962/000000496222000008/axp-20211231.htm
2020-12-31,AXP,USD,0000004962,2021-02-12,2021-02-12 14:26:54,2020,FY,38337000000,6828000000,31509000000,0.821895297,0,5718000000,3696000000,9414000000,17799000000,27213000000,34041000000,10083000000,2098000000,1543000000,5839000000,0.1523071706,4296000000,0.1120588465,0,4296000000,0.1120588465,1161000000,3135000000,0.0817747868,3.77,3.77,805000000,806000000,https://www.sec.gov/Archives/edgar/data/4962/000000496221000013/0000004962-21-000013-index.htm,https://www.sec.gov/Archives/edgar/data/4962/000000496221000013/axp-20201231.htm
2024-12-31,JPM,USD,0000019617,2025-02-14,2025-02-14 16:17:07,2024,FY,270789000000,112004000000,158785000000,0.5863790627,0,51357000000,4974000000,56331000000,27373000000,83704000000,195708000000,193933000000,101350000000,7938000000,83019000000,0.3065818774,75081000000,0.2772675404,0,75081000000,0.2772675404,16610000000,58471000000,0.2159282689,19.79,19.75,2873900000,2879000000,https://www.sec.gov/Archives/edgar/data/19617/000001961725000270/0000019617-25-000270-index.htm,https://www.sec.gov/Archives/edgar/data/19617/000001961725000270/jpm-20241231.htm
2023-12-31,JPM,USD,0000019617,2024-02-16,2024-02-16 16:20:22,2023,FY,236273000000,90603000000,145670000000,0.6165325704,0,46465000000,4591000000,51056000000,33002000000,84058000000,174661000000,170588000000,81321000000,7512000000,69124000000,0.2925598778,61612000000,0.2607661476,0,61612000000,0.2607661476,12060000000,49552000000,0.2097234978,16.25,16.23,2938600000,2943100000,https://www.sec.gov/Archives/edgar/data/19617/000001961724000225/0000019617-24-000225-index.htm,https://www.sec.gov/Archives/edgar/data/19617/000001961724000225/jpm-20231231.htm
2022-12-31,JPM,USD,0000019617,2023-02-21,2023-02-21 16:13:55,2022,FY,153824000000,32432000000,121392000000,0.7891616393,0,41636000000,3911000000,45547000000,29679000000,75226000000,107658000000,92807000000,26097000000,7051000000,53217000000,0.3459603183,46166000000,0.3001222176,0,46166000000,0.3001222176,8490000000,37676000000,0.2449292698,12.1,12.09,2965800000,2970000000,https://www.sec.gov/Archives/edgar/data/19617/000001961723000231/0000019617-23-000231-index.htm,https://www.sec.gov/Archives/edgar/data/19617/000001961723000231/jpm-20221231.htm
2021-12-31,JPM,USD,0000019617,2022-02-22,2022-02-22 16:56:31,2021,FY,127238000000,-3667000000,130905000000,1.0288200066,0,38567000000,3036000000,41603000000,29740000000,71343000000,67676000000,57864000000,5553000000,7932000000,67494000000,0.5304547384,59562000000,0.4681148713,0,59562000000,0.4681148713,11228000000,48334000000,0.3798707933,15.39,15.36,3021500000,3026600000,https://www.sec.gov/Archives/edgar/data/19617/000001961722000272/0000019617-22-000272-index.htm,https://www.sec.gov/Archives/edgar/data/19617/000001961722000272/jpm-20211231.htm
2020-12-31,JPM,USD,0000019617,2021-02-23,2021-02-23 16:17:29,2020,FY,129843000000,27372000000,102471000000,0.7891915621,0,34988000000,2476000000,37464000000,29192000000,66656000000,94028000000,64523000000,9960000000,8614000000,44429000000,0.3421747803,35815000000,0.2758331215,0,35815000000,0.2758331215,6684000000,29131000000,0.2243555679,8.89,8.88,3082400000,3087400000,https://www.sec.gov/Archives/edgar/data/19617/000001961721000236/0000019617-21-000236-index.htm,https://www.sec.gov/Archives/edgar/data/19617/000001961721000236/jpm-20201231.htm
2024-12-31,AMGN,USD,0000318154,2025-02-14,2025-02-14 16:18:41,2024,FY,33424000000,12858000000,20566000000,0.6153063667,5964000000,0,0,7096000000,248000000,13308000000,26166000000,0,3155000000,5592000000,13356000000,0.3995931067,7258000000,0.2171493538,-2649000000,4609000000,0.1378949258,519000000,4090000000,0.1223671613,7.56,7.56,541000000,541000000,https://www.sec.gov/Archives/edgar/data/318154/000031815425000010/0000318154-25-000010-index.htm,https://www.sec.gov/Archives/edgar/data/318154/000031815425000010/amgn-20241231.htm
2023-12-31,AMGN,USD,0000318154,2024-02-14,2024-02-14 16:23:32,2023,FY,28190000000,8415000000,19775000000,0.70148989,4784000000,0,0,6179000000,879000000,11842000000,20293000000,0,2875000000,4071000000,14801000000,0.525044342,7897000000,0.2801347996,-42000000,7855000000,0.2786449095,1138000000,6717000000,0.2382759844,12.56,12.49,535000000,538000000,https://www.sec.gov/Archives/edgar/data/318154/000031815424000011/0000318154-24-000011-index.htm,https://www.sec.gov/Archives/edgar/data/318154/000031815424000011/amgn-20231231.htm
2022-12-31,AMGN,USD,0000318154,2023-02-09,2023-02-09 16:26:31,2022,FY,26323000000,6406000000,19917000000,0.756638681,4434000000,0,0,5414000000,503000000,10351000000,16757000000,0,1406000000,3417000000,12169000000,0.4622953311,9566000000,0.3634084261,-2220000000,7346000000,0.2790715344,794000000,6552000000,0.2489077993,12.18,12.11,538000000,541000000,https://www.sec.gov/Archives/edgar/data/318154/000031815423000017/0000318154-23-000017-index.htm,https://www.sec.gov/Archives/edgar/data/318154/000031815423000017/amgn-20221231.htm
2021-12-31,AMGN,USD,0000318154,2022-02-16,2022-02-16 16:39:53,2021,FY,25979000000,6454000000,19525000000,0.7515685746,4819000000,0,0,5368000000,1699000000,11886000000,18340000000,0,1197000000,3398000000,11296000000,0.4348127334,7639000000,0.2940451903,-938000000,6701000000,0.2579391047,808000000,5893000000,0.2268370607,10.34,10.28,570000000,573000000,https://www.sec.gov/Archives/edgar/data/318154/000031815422000010/0000318154-22-000010-index.htm,https://www.sec.gov/Archives/edgar/data/318154/000031815422000010/amgn-20211231.htm
2020-12-31,AMGN,USD,0000318154,2021-02-09,2021-02-08 19:24:56,2020,FY,25424000000,6159000000,19265000000,0.757748584,4207000000,0,0,5730000000,189000000,10126000000,16285000000,0,1262000000,3601000000,12996000000,0.5111705475,9139000000,0.3594634991,-1006000000,8133000000,0.3198945878,869000000,7264000000,0.2857142857,12.4,12.31,586000000,590000000,https://www.sec.gov/Archives/edgar/data/318154/000031815421000010/0000318154-21-000010-index.htm,https://www.sec.gov/Archives/edgar/data/318154/000031815421000010/amgn-20201231.htm
2024-12-31,TRV,USD,0000086312,2025-02-13,2025-02-13 06:48:49,2024,FY,46423000000,0,46423000000,1.0,0,5819000000,0,5819000000,34429000000,40248000000,40248000000,0,392000000,0,6572000000,0.1415677574,6180000000,0.1331236671,0,6180000000,0.1331236671,1181000000,4999000000,0.1076836913,21.76,21.47,228000000,231100000,https://www.sec.gov/Archives/edgar/data/86312/000008631225000012/0000086312-25-000012-index.htm,https://www.sec.gov/Archives/edgar/data/86312/000008631225000012/trv-20241231.htm
2023-12-31,TRV,USD,0000086312,2024-02-15,2024-02-15 06:57:30,2023,FY,41364000000,0,41364000000,1.0,0,5097000000,79000000,5176000000,0,5176000000,5176000000,0,376000000,722000000,4469000000,0.1080408084,36188000000,0.8748670341,-32817000000,3371000000,0.0814959868,380000000,2991000000,0.0723092544,12.93,12.79,229700000,232200000,https://www.sec.gov/Archives/edgar/data/86312/000008631224000012/0000086312-24-000012-index.htm,https://www.sec.gov/Archives/edgar/data/86312/000008631224000012/trv-20231231.htm
2022-12-31,TRV,USD,0000086312,2023-02-16,2023-02-16 06:49:14,2022,FY,36884000000,0,36884000000,1.0,0,4810000000,0,4810000000,-10325000000,4810000000,33530000000,0,351000000,826000000,4531000000,0.1228445939,3705000000,0.1004500596,-28720000000,3354000000,0.0909337382,512000000,2842000000,0.0770523804,11.91,11.77,237000000,239700000,https://www.sec.gov/Archives/edgar/data/86312/000008631223000011/0000086312-23-000011-index.htm,https://www.sec.gov/Archives/edgar/data/86312/000008631223000011/trv-20221231.htm
2021-12-31,TRV,USD,0000086312,2022-02-17,2022-02-17 06:48:48,2021,FY,34816000000,0,34816000000,1.0,0,4677000000,0,4677000000,-35390000000,-30713000000,30358000000,0,340000000,870000000,5668000000,0.1627987132,4103000000,0.1178481158,-25681000000,4458000000,0.1280445772,796000000,3662000000,0.1051815257,14.63,14.49,248500000,250800000,https://www.sec.gov/Archives/edgar/data/86312/000008631222000013/0000086312-22-000013-index.htm,https://www.sec.gov/Archives/edgar/data/86312/000008631222000013/trv-20211231.htm
2020-12-31,TRV,USD,0000086312,2021-02-11,2021-02-11 06:49:05,2020,FY,31981000000,0,31981000000,1.0,0,4509000000,0,4509000000,-33532000000,-29023000000,28744000000,0,339000000,789000000,4365000000,0.1364872893,2958000000,0.0924924174,-24235000000,3237000000,0.1012163472,540000000,2697000000,0.0843313217,10.56,10.52,253500000,254600000,https://www.sec.gov/Archives/edgar/data/86312/000008631221000011/0000086312-21-000011-index.htm,https://www.sec.gov/Archives/edgar/data/86312/000008631221000011/trv-20201231.htm
2024-12-31,IBM,USD,0000051143,2025-02-25,2025-02-25 16:12:45,2024,FY,62753000000,27201000000,35551000000,0.566522716,7479000000,16737000000,1173000000,17910000000,89000000,25478000000,52679000000,747000000,1712000000,4667000000,12176000000,0.1940305643,10074000000,0.1605341577,-4277000000,5797000000,0.0923780536,-218000000,6023000000,0.0959794751,6.53,6.43,937200000,937200000,https://www.sec.gov/Archives/edgar/data/51143/000005114325000015/0000051143-25-000015-index.htm,https://www.sec.gov/Archives/edgar/data/51143/000005114325000015/ibm-20241231.htm
2023-12-31,IBM,USD,0000051143,2024-02-26,2024-02-26 06:41:57,2023,FY,61860000000,27560000000,34300000000,0.5544778532,6775000000,16322000000,1237000000,17559000000,145000000,24479000000,52039000000,670000000,1607000000,4396000000,14693000000,0.2375202069,9821000000,0.15876172,-1131000000,8690000000,0.1404784998,1176000000,7502000000,0.1212738442,8.23,8.14,911210319,922073828,https://www.sec.gov/Archives/edgar/data/51143/000005114324000012/0000051143-24-000012-index.htm,https://www.sec.gov/Archives/edgar/data/51143/000005114324000012/ibm-20231231.htm
2022-12-31,IBM,USD,0000051143,2023-02-28,2023-02-28 16:26:11,2022,FY,60530000000,27842000000,32687000000,0.5400132166,6567000000,16103000000,2506000000,18609000000,-662000000,24514000000,52356000000,162000000,1216000000,4802000000,7174000000,0.1185197423,8174000000,0.1350404758,-7018000000,1156000000,0.0190979679,-626000000,1640000000,0.027094003,1.82,1.8,902664190,912269062,https://www.sec.gov/Archives/edgar/data/51143/000155837023002376/0001558370-23-002376-index.htm,https://www.sec.gov/Archives/edgar/data/51143/000155837023002376/ibm-20221231x10k.htm
2021-12-31,IBM,USD,0000051143,2022-02-22,2022-02-22 16:07:29,2021,FY,57351000000,25865000000,31486000000,0.5490052484,6488000000,16105000000,2640000000,18745000000,-612000000,24621000000,50486000000,52000000,1155000000,6417000000,12409000000,0.2163693746,6865000000,0.1197014873,-2028000000,4837000000,0.0843402905,124000000,5742000000,0.1001203118,6.41,6.35,895990771,904641001,https://www.sec.gov/Archives/edgar/data/51143/000155837022001584/0001558370-22-001584-index.htm,https://www.sec.gov/Archives/edgar/data/51143/000155837022001584/ibm-20211231x10k.htm
2020-12-31,IBM,USD,0000051143,2021-02-23,2021-02-23 17:08:23,2020,FY,55179000000,24314000000,30865000000,0.5593613512,6262000000,19052000000,1509000000,20561000000,-620000000,26203000000,50517000000,105000000,1288000000,6695000000,10555000000,0.1912865402,4662000000,0.0844886642,-2090000000,2572000000,0.0466119357,-1360000000,5590000000,0.1013066565,6.28,6.23,890348679,896563971,https://www.sec.gov/Archives/edgar/data/51143/000155837021001489/0001558370-21-001489-index.htm,https://www.sec.gov/Archives/edgar/data/51143/000155837021001489/ibm-20201231x10k.htm
2025-01-31,CRM,USD,0001108524,2025-03-05,2025-03-05 16:16:48,2025,FY,37895000000,8643000000,29252000000,0.7719224172,5493000000,2836000000,13257000000,16093000000,461000000,22047000000,30690000000,0,0,3477000000,11143000000,0.2940493469,7205000000,0.1901306241,233000000,7438000000,0.1962791925,1241000000,6197000000,0.1635308088,6.44,6.36,962000000,974000000,https://www.sec.gov/Archives/edgar/data/1108524/000110852425000006/0001108524-25-000006-index.htm,https://www.sec.gov/Archives/edgar/data/1108524/000110852425000006/crm-20250131.htm
2024-01-31,CRM,USD,0001108524,2024-03-06,2024-03-06 16:32:48,2024,FY,34857000000,8541000000,26316000000,0.7549703073,4906000000,2534000000,12877000000,15411000000,988000000,21305000000,29846000000,0,0,3222000000,9221000000,0.2645379694,5011000000,0.1437587859,-61000000,4950000000,0.1420087787,814000000,4136000000,0.118656224,4.25,4.2,974000000,984000000,https://www.sec.gov/Archives/edgar/data/1108524/000110852424000005/0001108524-24-000005-index.htm,https://www.sec.gov/Archives/edgar/data/1108524/000110852424000005/crm-20240131.htm
2023-01-31,CRM,USD,0001108524,2023-03-08,2023-03-08 16:41:15,2023,FY,31352000000,8360000000,22992000000,0.7333503445,5055000000,2553000000,13526000000,16079000000,828000000,21962000000,30322000000,0,0,3786000000,5644000000,0.1800204134,1030000000,0.0328527686,-370000000,660000000,0.0210512886,452000000,208000000,0.0066343455,0.21,0.21,992000000,997000000,https://www.sec.gov/Archives/edgar/data/1108524/000110852423000011/0001108524-23-000011-index.htm,https://www.sec.gov/Archives/edgar/data/1108524/000110852423000011/crm-20230131.htm
2022-01-31,CRM,USD,0001108524,2022-03-11,2022-03-11 08:06:16,2022,FY,26492000000,7026000000,19466000000,0.7347878605,4465000000,2598000000,11855000000,14453000000,0,18918000000,25944000000,0,0,3298000000,3846000000,0.1451759022,548000000,0.02068549,984000000,1532000000,0.0578287785,88000000,1444000000,0.054507021,1.51,1.48,955000000,974000000,https://www.sec.gov/Archives/edgar/data/1108524/000110852422000013/0001108524-22-000013-index.htm,https://www.sec.gov/Archives/edgar/data/1108524/000110852422000013/crm-20220131.htm
2021-01-31,CRM,USD,0001108524,2021-03-17,2022-02-24 16:13:45,2021,FY,21252000000,5438000000,15814000000,0.7441182006,3598000000,2087000000,9674000000,11761000000,0,15359000000,20797000000,0,0,2846000000,3301000000,0.1553265575,455000000,0.0214097497,2106000000,2561000000,0.1205063053,-1511000000,4072000000,0.191605496,4.48,4.38,908000000,930000000,https://www.sec.gov/Archives/edgar/data/1108524/000110852422000008/0001108524-22-000008-index.htm,https://www.sec.gov/Archives/edgar/data/1108524/000110852422000008/crm-20210131.htm
2024-12-31,UNH,USD,0000731766,2025-02-27,2025-02-27 17:16:21,2024,FY,400278000000,310879000000,89399000000,0.2233422771,0,0,0,0,57112000000,57112000000,367991000000,0,3906000000,4099000000,28076000000,0.0701412518,32287000000,0.0806614403,-12216000000,20071000000,0.0501426509,4829000000,14405000000,0.0359874887,15.64,15.51,929000000,929000000,https://www.sec.gov/Archives/edgar/data/731766/000073176625000063/0000731766-25-000063-index.htm,https://www.sec.gov/Archives/edgar/data/731766/000073176625000063/unh-20241231.htm
2023-12-31,UNH,USD,0000731766,2023-12-31,2023-12-29 19:00:00,2023,FY,371622000000,280664000000,90958000000,0.2447594599,0,0,0,0,58600000000,58600000000,339264000000,0,3246000000,3972000000,32517000000,0.0875002018,32358000000,0.0870723477,-3246000000,29112000000,0.0783376657,5968000000,22381000000,0.060225175,24.12,23.86,928000000,938000000,https://www.sec.gov/Archives/edgar/data/731766/000073176624000081/0000731766-24-000081-index.html,https://www.sec.gov/Archives/edgar/data/731766/000073176624000081/unh-20231231.htm
2022-12-31,UNH,USD,0000731766,2023-02-24,2023-02-24 17:28:40,2022,FY,324162000000,588054000000,-263892000000,-0.8140744443,0,0,0,0,-292327000000,-292327000000,295727000000,0,2092000000,3400000000,31835000000,0.0982070693,28435000000,0.0877184864,-2092000000,26343000000,0.0812649231,5704000000,20120000000,0.0620677316,21.54,21.18,934000000,950000000,https://www.sec.gov/Archives/edgar/data/731766/000073176623000008/0000731766-23-000008-index.htm,https://www.sec.gov/Archives/edgar/data/731766/000073176623000008/unh-20221231.htm
2021-12-31,UNH,USD,0000731766,2022-02-15,2022-02-15 16:50:18,2021,FY,287597000000,217945000000,69652000000,0.2421861146,0,0,0,0,45682000000,45682000000,263627000000,0,1660000000,3103000000,27073000000,0.0941351961,23970000000,0.0833457929,-1660000000,22310000000,0.0775738273,4578000000,17285000000,0.0601014614,18.33,18.08,943000000,956000000,https://www.sec.gov/Archives/edgar/data/731766/000073176622000008/0000731766-22-000008-index.htm,https://www.sec.gov/Archives/edgar/data/731766/000073176622000008/unh-20211231.htm
2020-12-31,UNH,USD,0000731766,2021-03-01,2021-03-01 16:02:27,2020,FY,257141000000,190141000000,67000000000,0.2605574374,0,0,0,0,44595000000,44595000000,234736000000,0,1663000000,2891000000,25296000000,0.0983740438,22405000000,0.0871311848,-1663000000,20742000000,0.0806639159,4973000000,15403000000,0.0599009882,16.28,16.03,946000000,961000000,https://www.sec.gov/Archives/edgar/data/731766/000073176621000013/0000731766-21-000013-index.htm,https://www.sec.gov/Archives/edgar/data/731766/000073176621000013/unh-20201231.htm
2024-12-31,BA,USD,0000012927,2025-02-03,2025-02-03 14:37:45,2024,FY,66518000000,68476000000,-1958000000,-0.0294356415,3812000000,0,0,5019000000,0,8831000000,77307000000,0,2725000000,1836000000,-7649000000,-0.1149914309,-10789000000,-0.1621966986,-1421000000,-12210000000,-0.1835593373,-381000000,-11817000000,-0.1776511621,-18.36,-18.36,646900000,646900000,https://www.sec.gov/Archives/edgar/data/12927/000001292725000015/0000012927-25-000015-index.htm,https://www.sec.gov/Archives/edgar/data/12927/000001292725000015/ba-20241231.htm
2023-12-31,BA,USD,0000012927,2024-01-31,2024-01-31 12:45:19,2023,FY,77794000000,70086000000,7708000000,0.0990821914,3377000000,0,0,5144000000,0,8521000000,78607000000,0,2459000000,1861000000,2315000000,0.029758079,-813000000,-0.0104506774,-1192000000,-2005000000,-0.0257731959,237000000,-2222000000,-0.0285626141,-3.67,-3.67,605449591,606100000,https://www.sec.gov/Archives/edgar/data/12927/000001292724000010/0000012927-24-000010-index.htm,https://www.sec.gov/Archives/edgar/data/12927/000001292724000010/ba-20231231.htm
2022-12-31,BA,USD,0000012927,2023-01-27,2023-01-27 14:26:33,2022,FY,66607000000,63144000000,3463000000,0.0519915324,2852000000,0,0,4165000000,0,7017000000,70161000000,0,2533000000,1979000000,-510000000,-0.0076568529,-3554000000,-0.0533577552,-1468000000,-5022000000,-0.0753974807,31000000,-4935000000,-0.0740913117,-8.3,-8.29,594578313,595200000,https://www.sec.gov/Archives/edgar/data/12927/000001292723000007/0000012927-23-000007-index.htm,https://www.sec.gov/Archives/edgar/data/12927/000001292723000007/ba-20221231.htm
2021-12-31,BA,USD,0000012927,2022-01-31,2022-01-31 10:33:32,2021,FY,62286000000,55804000000,6482000000,0.10406833,2249000000,0,0,4170000000,0,6419000000,62223000000,0,2682000000,2144000000,-207000000,-0.0033233793,63000000,0.0010114633,-5096000000,-5033000000,-0.0808046752,-743000000,-4202000000,-0.0674629933,-7.15,-7.15,587692308,588000000,https://www.sec.gov/Archives/edgar/data/12927/000001292722000010/0000012927-22-000010-index.htm,https://www.sec.gov/Archives/edgar/data/12927/000001292722000010/ba-20211231.htm
2020-12-31,BA,USD,0000012927,2021-02-01,2021-02-01 14:20:17,2020,FY,58161000000,57148000000,1013000000,0.0174171696,2476000000,0,0,4810000000,0,7286000000,64434000000,0,2156000000,2246000000,-10074000000,-0.1732088513,-6273000000,-0.1078557796,-8203000000,-14476000000,-0.2488953079,-2535000000,-11873000000,-0.2041402314,-21.0,-20.99,568630268,569000000,https://www.sec.gov/Archives/edgar/data/12927/000001292721000011/0000012927-21-000011-index.htm,https://www.sec.gov/Archives/edgar/data/12927/000001292721000011/ba-20201231.htm
2024-12-31,AMZN,USD,0001018724,2025-02-07,2025-02-06 18:40:29,2024,FY,637959000000,326288000000,311671000000,0.4885439346,88544000000,11359000000,43907000000,55266000000,99268000000,243078000000,569366000000,4677000000,2406000000,52795000000,123815000000,0.1940798703,68593000000,0.1075194487,-80000000,68513000000,0.1073940488,9265000000,59248000000,0.092871172,5.66,5.53,10473000000,10721000000,https://www.sec.gov/Archives/edgar/data/1018724/000101872425000004/0001018724-25-000004-index.htm,https://www.sec.gov/Archives/edgar/data/1018724/000101872425000004/amzn-20241231.htm
2023-12-31,AMZN,USD,0001018724,2024-02-02,2024-02-01 18:48:30,2023,FY,574785000000,304739000000,270046000000,0.4698208896,85622000000,11816000000,44370000000,56186000000,91386000000,233194000000,537933000000,2949000000,3182000000,48663000000,89402000000,0.1555398975,36852000000,0.064114408,705000000,37557000000,0.0653409536,7120000000,30425000000,0.0529328358,2.95,2.9,10304000000,10492000000,https://www.sec.gov/Archives/edgar/data/1018724/000101872424000008/0001018724-24-000008-index.htm,https://www.sec.gov/Archives/edgar/data/1018724/000101872424000008/amzn-20231231.htm
2022-12-31,AMZN,USD,0001018724,2023-02-03,2023-02-02 18:27:34,2022,FY,513983000000,288831000000,225152000000,0.4380533987,73213000000,11891000000,42238000000,54129000000,85562000000,212904000000,501735000000,989000000,2367000000,41921000000,38352000000,0.0746172539,12248000000,0.0238295819,-18184000000,-5936000000,-0.0115490201,-3217000000,-2722000000,-0.005295895,-0.27,-0.27,10189000000,10189000000,https://www.sec.gov/Archives/edgar/data/1018724/000101872423000004/0001018724-23-000004-index.htm,https://www.sec.gov/Archives/edgar/data/1018724/000101872423000004/amzn-20221231.htm
2021-12-31,AMZN,USD,0001018724,2022-02-04,2022-02-03 18:46:51,2021,FY,469822000000,272344000000,197478000000,0.4203251444,56052000000,8823000000,32551000000,41374000000,75173000000,172599000000,444943000000,448000000,1809000000,34433000000,74393000000,0.1583429469,24879000000,0.0529540975,13272000000,38151000000,0.0812030939,4791000000,33364000000,0.0710141288,3.3,3.24,10120000000,10300000000,https://www.sec.gov/Archives/edgar/data/1018724/000101872422000005/0001018724-22-000005-index.htm,https://www.sec.gov/Archives/edgar/data/1018724/000101872422000005/amzn-20211231.htm
2020-12-31,AMZN,USD,0001018724,2021-02-03,2021-02-02 19:44:10,2020,FY,386064000000,233307000000,152757000000,0.3956779187,42740000000,6668000000,22008000000,28676000000,58442000000,129858000000,363165000000,555000000,1647000000,25180000000,51005000000,0.1321154006,22899000000,0.0593139998,1295000000,24194000000,0.0626683659,2863000000,21331000000,0.055252497,2.13,2.09,10000000000,10200000000,https://www.sec.gov/Archives/edgar/data/1018724/000101872421000004/0001018724-21-000004-index.htm,https://www.sec.gov/Archives/edgar/data/1018724/000101872421000004/amzn-20201231.htm
2024-12-31,HON,USD,0000773840,2025-02-14,2025-02-14 14:50:25,2024,FY,38496000000,23738000000,14758000000,0.3833645054,1536000000,0,0,5352000000,0,6888000000,30626000000,426000000,1058000000,1334000000,9605000000,0.2495064422,7870000000,0.2044368246,-657000000,7213000000,0.1873701164,1473000000,5705000000,0.1481972153,8.76,8.71,650900000,655300000,https://www.sec.gov/Archives/edgar/data/773840/000077384025000010/0000773840-25-000010-index.htm,https://www.sec.gov/Archives/edgar/data/773840/000077384025000010/hon-20241231.htm
2023-12-31,HON,USD,0000773840,2024-02-16,2024-02-16 13:40:36,2023,FY,36647000000,22353000000,14294000000,0.3900455699,1456000000,0,0,4965000000,0,6421000000,28774000000,321000000,765000000,1176000000,9100000000,0.2483150053,7873000000,0.2148334106,-714000000,7159000000,0.1953502333,1487000000,5658000000,0.1543919011,8.53,8.47,663000000,668200000,https://www.sec.gov/Archives/edgar/data/773840/000077384024000014/0000773840-24-000014-index.htm,https://www.sec.gov/Archives/edgar/data/773840/000077384024000014/hon-20231231.htm
2022-12-31,HON,USD,0000773840,2023-02-10,2023-02-10 14:09:31,2022,FY,35453000000,21839000000,13614000000,0.3840013539,1478000000,0,0,4902000000,0,6380000000,28219000000,138000000,414000000,1204000000,7997000000,0.2255662426,7234000000,0.2040447917,-855000000,6379000000,0.1799283559,1412000000,4966000000,0.1400727724,7.33,7.27,677100000,683100000,https://www.sec.gov/Archives/edgar/data/773840/000077384023000013/0000773840-23-000013-index.htm,https://www.sec.gov/Archives/edgar/data/773840/000077384023000013/hon-20221231.htm
2021-12-31,HON,USD,0000773840,2022-02-11,2022-02-11 12:37:32,2021,FY,34387000000,21614000000,12773000000,0.3714485125,1333000000,0,0,4695000000,0,6028000000,27642000000,102000000,343000000,1223000000,8801000000,0.2559397447,6745000000,0.1961497077,490000000,7235000000,0.2103992788,1625000000,5542000000,0.1611655568,8.01,7.91,692300000,700400000,https://www.sec.gov/Archives/edgar/data/773840/000077384022000018/0000773840-22-000018-index.htm,https://www.sec.gov/Archives/edgar/data/773840/000077384022000018/hon-20211231.htm
2020-12-31,HON,USD,0000773840,2021-02-12,2021-02-12 14:31:39,2020,FY,32640000000,20486000000,12154000000,0.3723651961,1334000000,0,0,4530000000,0,5864000000,26350000000,107000000,359000000,1002000000,7373000000,0.2258884804,6290000000,0.1927083333,-278000000,6012000000,0.1841911765,1147000000,4779000000,0.1464154412,6.79,6.72,704100000,711200000,https://www.sec.gov/Archives/edgar/data/773840/000077384021000015/0000773840-21-000015-index.htm,https://www.sec.gov/Archives/edgar/data/773840/000077384021000015/hon-20201231.htm
2024-09-28,AAPL,USD,0000320193,2024-11-01,2024-11-01 06:01:36,2024,FY,391035000000,210352000000,180683000000,0.4620634982,31370000000,0,0,26097000000,0,57467000000,267819000000,0,0,11445000000,134661000000,0.3443707085,123216000000,0.3151022287,269000000,123485000000,0.3157901467,29749000000,93736000000,0.2397125577,6.11,6.08,15343783000,15408095000,https://www.sec.gov/Archives/edgar/data/320193/000032019324000123/0000320193-24-000123-index.htm,https://www.sec.gov/Archives/edgar/data/320193/000032019324000123/aapl-20240928.htm
2023-09-30,AAPL,USD,0000320193,2023-11-03,2023-11-02 18:08:27,2023,FY,383285000000,214137000000,169148000000,0.4413112958,29915000000,0,0,24932000000,0,54847000000,268984000000,3750000000,3933000000,11519000000,125820000000,0.3282674772,114301000000,0.2982141227,-565000000,113736000000,0.2967400237,16741000000,96995000000,0.2530623426,6.16,6.13,15744231000,15812547000,https://www.sec.gov/Archives/edgar/data/320193/000032019323000106/0000320193-23-000106-index.htm,https://www.sec.gov/Archives/edgar/data/320193/000032019323000106/aapl-20230930.htm
2022-09-24,AAPL,USD,0000320193,2022-10-28,2022-10-27 18:01:14,2022,FY,394328000000,223546000000,170782000000,0.4330963056,26251000000,0,0,25094000000,0,51345000000,274891000000,2825000000,2931000000,11104000000,133138000000,0.3376326307,119437000000,0.302887444,-334000000,119103000000,0.3020404333,19300000000,99803000000,0.2530964071,6.15,6.11,16215963000,16325819000,https://www.sec.gov/Archives/edgar/data/320193/000032019322000108/0000320193-22-000108-index.htm,https://www.sec.gov/Archives/edgar/data/320193/000032019322000108/aapl-20220924.htm
2021-09-25,AAPL,USD,0000320193,2021-10-29,2021-10-28 18:04:28,2021,FY,365817000000,212981000000,152836000000,0.4177935963,21914000000,0,0,21973000000,0,43887000000,256868000000,2843000000,2645000000,11284000000,123136000000,0.3366054612,108949000000,0.2978237753,258000000,109207000000,0.2985290459,14527000000,94680000000,0.2588179336,5.67,5.61,16701272000,16864919000,https://www.sec.gov/Archives/edgar/data/320193/000032019321000105/0000320193-21-000105-index.htm,https://www.sec.gov/Archives/edgar/data/320193/000032019321000105/aapl-20210925.htm
2020-09-26,AAPL,USD,0000320193,2020-10-30,2020-10-29 18:06:25,2020,FY,274515000000,169559000000,104956000000,0.3823324773,18752000000,0,0,19916000000,0,38668000000,208227000000,3763000000,2873000000,11056000000,81020000000,0.2951386992,66288000000,0.2414731435,803000000,67091000000,0.2443983025,9680000000,57411000000,0.2091361128,3.31,3.28,17352119000,17528214000,https://www.sec.gov/Archives/edgar/data/320193/000032019320000096/0000320193-20-000096-index.htm,https://www.sec.gov/Archives/edgar/data/320193/000032019320000096/aapl-20200926.htm
2025-01-26,NVDA,USD,0001045810,2025-02-26,2025-02-26 16:48:33,2025,FY,130497000000,32639000000,97858000000,0.7498869706,12914000000,0,0,3491000000,0,16405000000,49044000000,1786000000,247000000,1864000000,86137000000,0.6600688138,81453000000,0.6241752684,2573000000,84026000000,0.6438921968,11146000000,72880000000,0.5584802716,2.97,2.94,24555000000,24804000000,https://www.sec.gov/Archives/edgar/data/1045810/000104581025000023/0001045810-25-000023-index.htm,https://www.sec.gov/Archives/edgar/data/1045810/000104581025000023/nvda-20250126.htm
2024-01-28,NVDA,USD,0001045810,2024-02-21,2024-02-21 16:36:57,2024,FY,60922000000,16621000000,44301000000,0.7271757329,8675000000,0,0,2654000000,0,11329000000,27950000000,866000000,257000000,1508000000,35583000000,0.5840747185,32972000000,0.5412166377,846000000,33818000000,0.5551032468,4058000000,29760000000,0.4884934835,1.21,1.19,24690000000,24940000000,https://www.sec.gov/Archives/edgar/data/1045810/000104581024000029/0001045810-24-000029-index.htm,https://www.sec.gov/Archives/edgar/data/1045810/000104581024000029/nvda-20240128.htm
2023-01-29,NVDA,USD,0001045810,2023-02-24,2023-02-24 17:23:43,2023,FY,26974000000,11618000000,15356000000,0.5692889449,7339000000,0,0,2440000000,1353000000,11132000000,22750000000,267000000,262000000,1544000000,5987000000,0.2219544747,4224000000,0.1565952399,-43000000,4181000000,0.1550011122,-187000000,4368000000,0.1619337139,0.18,0.17,24870000000,25070000000,https://www.sec.gov/Archives/edgar/data/1045810/000104581023000017/0001045810-23-000017-index.htm,https://www.sec.gov/Archives/edgar/data/1045810/000104581023000017/nvda-20230129.htm
2022-01-30,NVDA,USD,0001045810,2022-03-18,2022-03-17 20:33:34,2022,FY,26914000000,9439000000,17475000000,0.6492903322,5268000000,0,0,2166000000,0,7434000000,16873000000,29000000,236000000,1174000000,11351000000,0.4217507617,10041000000,0.3730772089,-100000000,9941000000,0.3693616705,189000000,9752000000,0.362339303,0.39,0.39,24960000000,25350000000,https://www.sec.gov/Archives/edgar/data/1045810/000104581022000036/0001045810-22-000036-index.htm,https://www.sec.gov/Archives/edgar/data/1045810/000104581022000036/nvda-20220130.htm
2021-01-31,NVDA,USD,0001045810,2021-02-26,2021-02-26 17:03:14,2021,FY,16675000000,6279000000,10396000000,0.6234482759,3924000000,0,0,1940000000,0,5864000000,12143000000,57000000,184000000,1098000000,5691000000,0.3412893553,4532000000,0.2717841079,-123000000,4409000000,0.2644077961,77000000,4332000000,0.2597901049,0.18,0.17,24680000000,25120000000,https://www.sec.gov/Archives/edgar/data/1045810/000104581021000010/0001045810-21-000010-index.htm,https://www.sec.gov/Archives/edgar/data/1045810/000104581021000010/nvda-20210131.htm
2024-12-29,JNJ,USD,0000200406,2025-02-13,2025-02-13 16:07:39,2024,FY,88821000000,27471000000,61350000000,0.6907150336,17232000000,21969000000,0,21969000000,0,39201000000,66672000000,1332000000,755000000,7339000000,24781000000,0.2789993357,22149000000,0.2493667038,-5462000000,16687000000,0.1878722374,2621000000,14066000000,0.1583634501,5.84,5.79,2407300000,2429400000,https://www.sec.gov/Archives/edgar/data/200406/000020040625000038/0000200406-25-000038-index.htm,https://www.sec.gov/Archives/edgar/data/200406/000020040625000038/jnj-20241229.htm
2023-12-31,JNJ,USD,0000200406,2024-02-16,2024-02-16 16:12:22,2023,FY,85159000000,26553000000,58606000000,0.6881950234,15085000000,20112000000,0,20112000000,0,35197000000,61750000000,1261000000,772000000,7486000000,23320000000,0.273840698,23409000000,0.2748858019,-8347000000,15062000000,0.1768691506,1736000000,35153000000,0.412792541,13.88,13.72,2533500000,2560400000,https://www.sec.gov/Archives/edgar/data/200406/000020040624000013/0000200406-24-000013-index.htm,https://www.sec.gov/Archives/edgar/data/200406/000020040624000013/jnj-20231231.htm
2023-01-01,JNJ,USD,0000200406,2023-02-16,2023-02-16 16:01:53,2022,FY,79990000000,24596000000,55394000000,0.6925115639,14135000000,20246000000,0,20246000000,0,34381000000,58977000000,490000000,276000000,6970000000,26605000000,0.3326040755,21013000000,0.2626953369,-1654000000,19359000000,0.2420177522,2989000000,17941000000,0.2242905363,6.83,6.73,2613597000,2663900000,https://www.sec.gov/Archives/edgar/data/200406/000020040623000016/0000200406-23-000016-index.htm,https://www.sec.gov/Archives/edgar/data/200406/000020040623000016/jnj-20230101.htm
2022-01-02,JNJ,USD,0000200406,2022-02-17,2022-02-17 16:06:50,2021,FY,78740000000,23402000000,55338000000,0.7027940056,14277000000,20118000000,0,20118000000,0,34395000000,57797000000,53000000,183000000,7390000000,26751000000,0.3397383795,20943000000,0.265976632,-1765000000,19178000000,0.2435610871,1377000000,20878000000,0.2651511303,7.93,7.81,2628965000,2674000000,https://www.sec.gov/Archives/edgar/data/200406/000020040622000022/0000200406-22-000022-index.htm,https://www.sec.gov/Archives/edgar/data/200406/000020040622000022/jnj-20220102.htm
2021-01-03,JNJ,USD,0000200406,2021-02-22,2021-02-22 16:36:14,2020,FY,82584000000,28427000000,54157000000,0.6557807808,12340000000,22084000000,0,22084000000,0,34424000000,62851000000,111000000,201000000,7231000000,23929000000,0.2897534631,19733000000,0.2389445898,-3236000000,16497000000,0.1997602441,1783000000,14714000000,0.1781701056,5.59,5.51,2632512000,2670700000,https://www.sec.gov/Archives/edgar/data/200406/000020040621000008/0000200406-21-000008-index.htm,https://www.sec.gov/Archives/edgar/data/200406/000020040621000008/jnj-20210103.htm
2025-06-30,PG,USD,0000080424,2025-07-29,2025-07-29 07:03:15,2025,FY,84284000000,41164000000,43120000000,0.5116036258,0,0,0,22669000000,0,22669000000,63833000000,469000000,907000000,0,21074000000,0.2500355939,20451000000,0.2426439182,-284000000,20167000000,0.2392743581,4102000000,15974000000,0.1895258887,6.67,6.51,2454400000,2454400000,https://www.sec.gov/Archives/edgar/data/80424/000008042425000067/0000080424-25-000067-index.htm,https://www.sec.gov/Archives/edgar/data/80424/000008042425000067/fy2425q4amj8-kexhibit991.htm
2024-06-30,PG,USD,0000080424,2024-08-05,2024-08-05 16:16:53,2024,FY,84039000000,40848000000,43191000000,0.5139399564,0,0,0,23305000000,1341000000,24646000000,65494000000,473000000,925000000,2896000000,22582000000,0.2687085758,18545000000,0.220671355,216000000,18761000000,0.2232415902,3787000000,14879000000,0.1770487512,6.18,6.02,2360100000,2471900000,https://www.sec.gov/Archives/edgar/data/80424/000008042424000083/0000080424-24-000083-index.htm,https://www.sec.gov/Archives/edgar/data/80424/000008042424000083/pg-20240630.htm
2023-06-30,PG,USD,0000080424,2023-08-04,2023-08-04 16:16:13,2023,FY,82006000000,42760000000,39246000000,0.4785747384,0,0,0,21112000000,0,21112000000,63872000000,307000000,756000000,2714000000,21771000000,0.2654805746,18134000000,0.2211301612,219000000,18353000000,0.2238006975,3615000000,14653000000,0.1786820477,6.07,5.9,2368200000,2483900000,https://www.sec.gov/Archives/edgar/data/80424/000008042423000073/0000080424-23-000073-index.htm,https://www.sec.gov/Archives/edgar/data/80424/000008042423000073/pg-20230630.htm
2022-06-30,PG,USD,0000080424,2022-08-05,2022-08-05 16:21:50,2022,FY,80187000000,42157000000,38030000000,0.4742664023,0,0,0,20217000000,0,20217000000,62374000000,51000000,439000000,2807000000,21241000000,0.2648933119,17813000000,0.2221432402,182000000,17995000000,0.2244129348,3202000000,14742000000,0.1838452617,6.0,5.81,2457000000,2539100000,https://www.sec.gov/Archives/edgar/data/80424/000008042422000064/0000080424-22-000064-index.htm,https://www.sec.gov/Archives/edgar/data/80424/000008042422000064/pg-20220630.htm
2021-06-30,PG,USD,0000080424,2021-08-06,2021-08-06 16:19:59,2021,FY,76118000000,37108000000,39010000000,0.5124937597,0,0,0,21024000000,0,21024000000,58132000000,45000000,502000000,2735000000,20852000000,0.2739430884,17986000000,0.2362910218,-371000000,17615000000,0.2314170104,3263000000,14306000000,0.1879450327,5.69,5.5,2514235501,2601000000,https://www.sec.gov/Archives/edgar/data/80424/000008042421000100/0000080424-21-000100-index.htm,https://www.sec.gov/Archives/edgar/data/80424/000008042421000100/pg-20210630.htm
2024-12-31,CVX,USD,0000093410,2025-02-21,2025-02-21 11:20:51,2024,FY,193414000000,136488000000,56926000000,0.2943220243,353000000,0,0,4834000000,22640000000,27827000000,164315000000,0,594000000,17711000000,45811000000,0.2368546227,29099000000,0.1504492953,-1593000000,27506000000,0.1422130766,9757000000,17661000000,0.0913119009,9.76,9.72,1810000000,1817000000,https://www.sec.gov/Archives/edgar/data/93410/000009341025000009/0000093410-25-000009-index.htm,https://www.sec.gov/Archives/edgar/data/93410/000009341025000009/cvx-20241231.htm
2023-12-31,CVX,USD,0000093410,2024-02-26,2024-02-26 16:07:14,2023,FY,196913000000,136522000000,60391000000,0.3066887407,320000000,0,0,4141000000,22140000000,26601000000,163123000000,0,469000000,17762000000,47815000000,0.2428229726,33790000000,0.1715986248,-4206000000,29584000000,0.150238938,8173000000,21369000000,0.1085200063,11.41,11.36,1872737000,1880307000,https://www.sec.gov/Archives/edgar/data/93410/000009341024000013/0000093410-24-000013-index.htm,https://www.sec.gov/Archives/edgar/data/93410/000009341024000013/cvx-20231231.htm
2022-12-31,CVX,USD,0000093410,2023-02-23,2023-02-23 11:51:02,2022,FY,235717000000,170130000000,65587000000,0.2782446748,268000000,0,0,4312000000,21057000000,25637000000,195767000000,0,516000000,16805000000,66995000000,0.2842179393,39950000000,0.1694828969,9724000000,49674000000,0.2107357552,14066000000,35465000000,0.1504558432,18.36,18.28,1931486000,1940277000,https://www.sec.gov/Archives/edgar/data/93410/000009341023000009/0000093410-23-000009-index.htm,https://www.sec.gov/Archives/edgar/data/93410/000009341023000009/cvx-20221231.htm
2021-12-31,CVX,USD,0000093410,2022-02-24,2022-02-24 11:45:37,2021,FY,155606000000,110174000000,45432000000,0.291968176,268000000,0,0,4014000000,25046000000,29328000000,139502000000,0,712000000,17013000000,39364000000,0.2529722504,16104000000,0.1034921533,5535000000,21639000000,0.1390627611,5950000000,15625000000,0.1004138658,8.15,8.14,1915989000,1920275000,https://www.sec.gov/Archives/edgar/data/93410/000009341022000019/0000093410-22-000019-index.htm,https://www.sec.gov/Archives/edgar/data/93410/000009341022000019/cvx-20211231.htm
2020-12-31,CVX,USD,0000093410,2021-02-25,2021-02-25 14:32:29,2020,FY,94471000000,71656000000,22815000000,0.2415026834,435000000,0,0,4213000000,25109000000,29757000000,101413000000,0,697000000,17192000000,10436000000,0.1104677626,-6942000000,-0.0734828678,-511000000,-7453000000,-0.0788919351,-1892000000,-5543000000,-0.0586740905,-2.96,-2.96,1870027000,1870027000,https://www.sec.gov/Archives/edgar/data/93410/000009341021000009/0000093410-21-000009-index.htm,https://www.sec.gov/Archives/edgar/data/93410/000009341021000009/cvx-20201231.htm
2024-12-31,MMM,USD,0000066740,2025-02-05,2025-02-05 09:57:15,2024,FY,24575000000,14495000000,10080000000,0.41017294,1070000000,0,0,4079000000,0,5149000000,19644000000,452000000,1182000000,1224000000,7225000000,0.2939979654,4931000000,0.2006510682,-103000000,4828000000,0.1964598169,804000000,4173000000,0.1698067141,7.58,7.55,550800000,552400000,https://www.sec.gov/Archives/edgar/data/66740/000006674025000006/0000066740-25-000006-index.htm,https://www.sec.gov/Archives/edgar/data/66740/000006674025000006/mmm-20241231.htm
2023-12-31,MMM,USD,0000066740,2024-02-07,2024-02-07 09:25:16,2023,FY,24610000000,15037000000,9573000000,0.3889882162,1123000000,0,0,4403000000,0,5526000000,20563000000,250000000,932000000,1433000000,-8906000000,-0.3618854124,4047000000,0.1644453474,-15300000000,-11253000000,-0.4572531491,-2867000000,-6995000000,-0.2842340512,-12.63,-12.63,553900000,553900000,https://www.sec.gov/Archives/edgar/data/66740/000006674024000016/0000066740-24-000016-index.htm,https://www.sec.gov/Archives/edgar/data/66740/000006674024000016/mmm-20231231.htm
2022-12-31,MMM,USD,0000066740,2023-02-08,2023-02-08 12:59:49,2022,FY,34229000000,19263000000,14966000000,0.4372315873,1856000000,0,0,9037000000,0,10893000000,30156000000,67000000,498000000,1831000000,8721000000,0.2547839551,4073000000,0.118992667,2330000000,6403000000,0.187063601,612000000,5777000000,0.1687750153,10.21,10.18,566000000,567600000,https://www.sec.gov/Archives/edgar/data/66740/000006674023000014/0000066740-23-000014-index.htm,https://www.sec.gov/Archives/edgar/data/66740/000006674023000014/mmm-20221231.htm
2021-12-31,MMM,USD,0000066740,2022-02-09,2022-02-09 15:13:29,2021,FY,35355000000,18743000000,16612000000,0.46986282,1977000000,0,0,7109000000,0,9086000000,27829000000,26000000,457000000,1915000000,9576000000,0.270852779,7526000000,0.2128694668,-312000000,7214000000,0.2040446896,1285000000,5921000000,0.1674727761,10.23,10.12,579000000,585300000,https://www.sec.gov/Archives/edgar/data/66740/000006674022000010/0000066740-22-000010-index.htm,https://www.sec.gov/Archives/edgar/data/66740/000006674022000010/mmm-20211231.htm
2020-12-31,MMM,USD,0000066740,2021-02-04,2021-02-04 13:53:11,2020,FY,32184000000,16581000000,15603000000,0.4848061148,1862000000,0,0,6784000000,0,8646000000,25227000000,29000000,553000000,1911000000,9259000000,0.2876895352,6957000000,0.216163311,-167000000,6790000000,0.2109743972,1337000000,5449000000,0.1693077305,9.43,9.36,577600000,582200000,https://www.sec.gov/Archives/edgar/data/66740/000155837021000737/0001558370-21-000737-index.htm,https://www.sec.gov/Archives/edgar/data/66740/000155837021000737/mmm-20201231x10k.htm
2024-09-28,DIS,USD,0001744489,2024-11-14,2024-11-14 06:46:46,2024,FY,91361000000,58698000000,32663000000,0.357515789,0,0,0,15759000000,4990000000,20749000000,79447000000,406000000,1447000000,4990000000,14629000000,0.1601230284,11914000000,0.130405753,-4345000000,7569000000,0.0828471667,1796000000,4972000000,0.0544214709,2.72,2.72,1825000000,1831000000,https://www.sec.gov/Archives/edgar/data/1744489/000174448924000276/0001744489-24-000276-index.htm,https://www.sec.gov/Archives/edgar/data/1744489/000174448924000276/dis-20240928.htm
2023-09-30,DIS,USD,0001744489,2024-01-24,2024-01-24 17:00:30,2023,FY,88898000000,59201000000,29697000000,0.3340570092,0,0,0,15336000000,5369000000,20705000000,79906000000,424000000,1458000000,5369000000,12111000000,0.1362347859,8992000000,0.1011496322,-4223000000,4769000000,0.0536457513,1379000000,2354000000,0.0264797858,1.29,1.29,1828000000,1830000000,https://www.sec.gov/Archives/edgar/data/1744489/000174448924000064/0001744489-24-000064-index.htm,https://www.sec.gov/Archives/edgar/data/1744489/000174448924000064/dis-20230930.htm
2022-10-01,DIS,USD,0001744489,2023-01-24,2023-01-24 16:15:45,2022,FY,82722000000,54401000000,28321000000,0.3423635792,0,0,0,16388000000,5163000000,21551000000,75952000000,152000000,1549000000,5163000000,11997000000,0.1450279249,6770000000,0.081840381,-1485000000,5285000000,0.0638886874,1732000000,3145000000,0.0380189067,1.73,1.72,1822000000,1827000000,https://www.sec.gov/Archives/edgar/data/1744489/000119312523014219/0001193125-23-014219-index.htm,https://www.sec.gov/Archives/edgar/data/1744489/000119312523014219/d431948d10ka.htm
2021-10-02,DIS,USD,0001744489,2021-11-24,2021-11-24 16:34:25,2021,FY,67418000000,45131000000,22287000000,0.3305793705,0,0,0,13517000000,5111000000,18628000000,63759000000,140000000,1546000000,5111000000,9078000000,0.1346524667,3659000000,0.0542733395,-1098000000,2561000000,0.0379868878,25000000,1995000000,0.0295915038,1.1,1.09,1816000000,1828000000,https://www.sec.gov/Archives/edgar/data/1744489/000174448921000220/0001744489-21-000220-index.htm,https://www.sec.gov/Archives/edgar/data/1744489/000174448921000220/dis-20211002.htm
2020-10-03,DIS,USD,0001744489,2020-11-25,2020-11-25 16:59:53,2020,FY,65388000000,43880000000,21508000000,0.3289288554,0,0,0,12369000000,5345000000,17714000000,61594000000,156000000,1647000000,5345000000,5093000000,0.0778889093,3794000000,0.0580228788,-5537000000,-1743000000,-0.0266562672,699000000,-2864000000,-0.0438000856,-1.58,-1.58,1808000000,1808000000,https://www.sec.gov/Archives/edgar/data/1744489/000174448920000197/0001744489-20-000197-index.htm,https://www.sec.gov/Archives/edgar/data/1744489/000174448920000197/dis-20201003.htm
2025-01-31,WMT,USD,0000104169,2025-03-14,2025-03-14 16:40:52,2025,FY,680985000000,511753000000,169232000000,0.2485106133,0,139884000000,0,139884000000,0,139884000000,651637000000,483000000,2728000000,12973000000,42010000000,0.0616900519,29348000000,0.0430963971,-3039000000,26309000000,0.0386337438,6152000000,19436000000,0.0285410104,2.42,2.41,8041000000,8081000000,https://www.sec.gov/Archives/edgar/data/104169/000010416925000021/0000104169-25-000021-index.htm,https://www.sec.gov/Archives/edgar/data/104169/000010416925000021/wmt-20250131.htm
2024-01-31,WMT,USD,0000104169,2024-03-15,2024-03-15 16:54:48,2024,FY,648125000000,490142000000,157983000000,0.2437539055,0,130971000000,0,130971000000,0,130971000000,621113000000,546000000,2683000000,11853000000,36384000000,0.0561373192,27012000000,0.0416771456,-5164000000,21848000000,0.0337095468,5578000000,15511000000,0.0239321119,1.92,1.91,8077008000,8109000000,https://www.sec.gov/Archives/edgar/data/104169/000010416924000056/0000104169-24-000056-index.htm,https://www.sec.gov/Archives/edgar/data/104169/000010416924000056/wmt-20240131.htm
2023-01-31,WMT,USD,0000104169,2023-03-17,2023-03-17 17:02:59,2023,FY,611289000000,463721000000,147568000000,0.2414046384,0,127140000000,0,127140000000,0,127140000000,590861000000,254000000,2128000000,10945000000,30089000000,0.0492222173,20428000000,0.0334179087,-3412000000,17016000000,0.0278362608,5724000000,11680000000,0.0191071654,1.43,1.42,8172000000,8202000000,https://www.sec.gov/Archives/edgar/data/104169/000010416923000020/0000104169-23-000020-index.htm,https://www.sec.gov/Archives/edgar/data/104169/000010416923000020/wmt-20230131.htm
2022-01-31,WMT,USD,0000104169,2022-03-18,2022-03-18 17:03:00,2022,FY,572754000000,429000000000,143754000000,0.2509873349,0,117812000000,0,117812000000,0,117812000000,546812000000,158000000,1994000000,10658000000,31348000000,0.054732049,25942000000,0.0452934419,-7246000000,18696000000,0.0326422862,4756000000,13673000000,0.023872378,1.63,1.62,8376000000,8415000000,https://www.sec.gov/Archives/edgar/data/104169/000010416922000012/0000104169-22-000012-index.htm,https://www.sec.gov/Archives/edgar/data/104169/000010416922000012/wmt-20220131.htm
2021-01-31,WMT,USD,0000104169,2021-03-19,2021-03-19 16:40:44,2021,FY,559151000000,420315000000,138836000000,0.2482978659,0,116288000000,0,116288000000,0,116288000000,536603000000,121000000,2315000000,11152000000,34031000000,0.0608619139,22548000000,0.0403254219,-1984000000,20564000000,0.0367771854,6858000000,13510000000,0.0241616308,1.59,1.58,8493000000,8541000000,https://www.sec.gov/Archives/edgar/data/104169/000010416921000033/0000104169-21-000033-index.htm,https://www.sec.gov/Archives/edgar/data/104169/000010416921000033/wmt-20210131.htm
2024-12-31,MRK,USD,0000310158,2025-02-25,2025-02-25 16:19:11,2024,FY,64168000000,15193000000,48975000000,0.7632308939,17938000000,0,0,10816000000,0,28754000000,43947000000,415000000,1271000000,4499000000,25706000000,0.4006046628,20221000000,0.3151259195,-285000000,19936000000,0.3106844533,2803000000,17117000000,0.2667528986,6.74,6.74,2532000000,2541000000,https://www.sec.gov/Archives/edgar/data/310158/000162828025007732/0001628280-25-007732-index.htm,https://www.sec.gov/Archives/edgar/data/310158/000162828025007732/mrk-20241231.htm
2023-12-31,MRK,USD,0000310158,2024-04-11,2024-04-11 16:05:38,2023,FY,60115000000,16126000000,43989000000,0.731747484,30531000000,0,0,10504000000,0,41035000000,57161000000,365000000,1146000000,3872000000,6907000000,0.1148964485,2954000000,0.04913915,-1065000000,1889000000,0.0314231057,1512000000,365000000,0.0060716959,0.14,0.14,2607142857,2547000000,https://www.sec.gov/Archives/edgar/data/310158/000119312524093194/0001193125-24-093194-index.htm,https://www.sec.gov/Archives/edgar/data/310158/000119312524093194/d807955d10ka.htm
2022-12-31,MRK,USD,0000310158,2023-02-24,2023-02-24 16:22:30,2022,FY,59283000000,17411000000,41872000000,0.7063070357,13548000000,0,0,10042000000,0,23590000000,41001000000,157000000,962000000,3909000000,21315000000,0.3595465817,18282000000,0.3083852032,-1838000000,16444000000,0.2773813741,1918000000,14519000000,0.2449100079,5.73,5.71,2532000000,2542000000,https://www.sec.gov/Archives/edgar/data/310158/000162828023005061/0001628280-23-005061-index.htm,https://www.sec.gov/Archives/edgar/data/310158/000162828023005061/mrk-20221231.htm
2021-12-31,MRK,USD,0000310158,2022-02-25,2022-02-25 16:44:28,2021,FY,48704000000,13626000000,35078000000,0.720228318,12245000000,0,0,9634000000,0,21879000000,35505000000,36000000,806000000,3214000000,17899000000,0.367505749,13199000000,0.271004435,680000000,13879000000,0.2849663272,1521000000,13049000000,0.2679246058,5.16,5.14,2530000000,2538000000,https://www.sec.gov/Archives/edgar/data/310158/000031015822000003/0000310158-22-000003-index.htm,https://www.sec.gov/Archives/edgar/data/310158/000031015822000003/mrk-20211231.htm
2020-12-31,MRK,USD,0000310158,2021-02-25,2021-02-25 16:34:56,2020,FY,41518000000,13618000000,27900000000,0.6719976877,13397000000,0,0,8955000000,0,22352000000,35970000000,59000000,831000000,3486000000,10180000000,0.2451948552,5548000000,0.1336287875,315000000,5863000000,0.1412158582,1340000000,7067000000,0.1702153283,2.79,2.78,2530000000,2541000000,https://www.sec.gov/Archives/edgar/data/310158/000031015821000004/0000310158-21-000004-index.htm,https://www.sec.gov/Archives/edgar/data/310158/000031015821000004/mrk-20201231.htm
2025-05-31,NKE,USD,0000320187,2025-07-17,2025-07-17 16:25:25,2025,FY,46309000000,26519000000,19790000000,0.4273467361,0,0,0,16088000000,0,16088000000,42607000000,107000000,0,0,3885000000,0.0838929798,3702000000,0.0799412641,183000000,3885000000,0.0838929798,666000000,3219000000,0.0695113261,2.17,2.16,1484900000,1487600000,https://www.sec.gov/Archives/edgar/data/320187/000032018725000047/0000320187-25-000047-index.htm,https://www.sec.gov/Archives/edgar/data/320187/000032018725000047/nke-20250531.htm
2024-05-31,NKE,USD,0000320187,2024-07-25,2024-07-25 16:16:58,2024,FY,51386000000,28769000000,22617000000,0.4401393376,0,0,0,16574000000,0,16574000000,45343000000,430000000,261000000,796000000,7757000000,0.1509555132,6043000000,0.1176001245,657000000,6700000000,0.1303857082,1000000000,5700000000,0.1109251547,3.76,3.73,1517600000,1529700000,https://www.sec.gov/Archives/edgar/data/320187/000032018724000044/0000320187-24-000044-index.htm,https://www.sec.gov/Archives/edgar/data/320187/000032018724000044/nke-20240531.htm
2023-05-31,NKE,USD,0000320187,2023-07-20,2023-07-20 16:20:36,2023,FY,51191000000,29506000000,21685000000,0.4236096189,0,0,0,16372000000,0,16372000000,45878000000,297000000,283000000,703000000,7187000000,0.1403957727,5313000000,0.1037877752,888000000,6201000000,0.1211345744,1131000000,5070000000,0.099040847,3.27,3.23,1551600000,1569800000,https://www.sec.gov/Archives/edgar/data/320187/000032018723000039/0000320187-23-000039-index.htm,https://www.sec.gov/Archives/edgar/data/320187/000032018723000039/nke-20230531.htm
2022-05-31,NKE,USD,0000320187,2022-07-21,2022-07-21 16:05:53,2022,FY,46792000000,25208000000,21584000000,0.4612754317,0,0,0,14805000000,0,14805000000,40013000000,94000000,292000000,717000000,7660000000,0.1637031971,6779000000,0.1448751923,-128000000,6651000000,0.142139682,605000000,6046000000,0.1292101214,3.83,3.75,1578800000,1610800000,https://www.sec.gov/Archives/edgar/data/320187/000032018722000038/0000320187-22-000038-index.htm,https://www.sec.gov/Archives/edgar/data/320187/000032018722000038/nke-20220531.htm
2021-05-31,NKE,USD,0000320187,2021-07-20,2021-07-20 16:11:03,2021,FY,44493000000,24588000000,19905000000,0.4473737442,0,0,0,12773000000,0,12773000000,37361000000,34000000,289000000,744000000,7694000000,0.1729260783,7132000000,0.1602948778,-471000000,6661000000,0.149708943,934000000,5727000000,0.1287168768,3.64,3.56,1573000000,1609400000,https://www.sec.gov/Archives/edgar/data/320187/000032018721000028/0000320187-21-000028-index.htm,https://www.sec.gov/Archives/edgar/data/320187/000032018721000028/nke-20210531.htm
2024-12-31,KO,USD,0000021344,2025-02-20,2025-02-20 15:17:12,2024,FY,47061000000,18324000000,28737000000,0.6106330082,0,9296000000,5146000000,14442000000,4303000000,18745000000,37069000000,988000000,1656000000,1075000000,15817000000,0.3360957056,9992000000,0.2123201802,3094000000,13086000000,0.2780646395,2437000000,10631000000,0.2258983022,2.47,2.46,4309000000,4320000000,https://www.sec.gov/Archives/edgar/data/21344/000002134425000011/0000021344-25-000011-index.htm,https://www.sec.gov/Archives/edgar/data/21344/000002134425000011/ko-20241231.htm
2023-12-31,KO,USD,0000021344,2024-02-20,2024-02-20 13:21:24,2023,FY,45754000000,18520000000,27234000000,0.5952266469,0,8978000000,5010000000,13988000000,1935000000,15923000000,34443000000,907000000,1527000000,1128000000,15607000000,0.3411067885,11311000000,0.2472133584,1641000000,12952000000,0.2830790751,2249000000,10714000000,0.2341653189,2.48,2.47,4323000000,4339000000,https://www.sec.gov/Archives/edgar/data/21344/000002134424000009/0000021344-24-000009-index.htm,https://www.sec.gov/Archives/edgar/data/21344/000002134424000009/ko-20231231.htm
2022-12-31,KO,USD,0000021344,2023-02-21,2023-02-21 16:03:20,2022,FY,43004000000,18000000000,25004000000,0.5814342852,0,8665000000,4000000000,12665000000,1430000000,14095000000,32095000000,449000000,882000000,1260000000,13828000000,0.3215514836,10909000000,0.2536740768,777000000,11686000000,0.2717421635,2115000000,9542000000,0.2218863362,2.2,2.19,4328000000,4350000000,https://www.sec.gov/Archives/edgar/data/21344/000002134423000011/0000021344-23-000011-index.htm,https://www.sec.gov/Archives/edgar/data/21344/000002134423000011/ko-20221231.htm
2021-12-31,KO,USD,0000021344,2022-02-22,2022-02-22 15:45:48,2021,FY,38655000000,15357000000,23298000000,0.6027163368,0,7865000000,4000000000,11865000000,1125000000,12990000000,28347000000,276000000,1597000000,1452000000,15474000000,0.4003104385,10308000000,0.2666666667,2117000000,12425000000,0.321433191,2621000000,9771000000,0.252774544,2.26,2.25,4315000000,4340000000,https://www.sec.gov/Archives/edgar/data/21344/000002134422000009/0000021344-22-000009-index.htm,https://www.sec.gov/Archives/edgar/data/21344/000002134422000009/ko-20211231.htm
2020-12-31,KO,USD,0000021344,2021-02-25,2021-02-25 13:47:17,2020,FY,33014000000,13433000000,19581000000,0.5931120131,0,6563000000,3000000000,9563000000,1021000000,10584000000,24017000000,370000000,1437000000,1536000000,12722000000,0.385351669,8997000000,0.2725207488,752000000,9749000000,0.2952989641,1981000000,7747000000,0.2346580239,1.8,1.79,4295000000,4323000000,https://www.sec.gov/Archives/edgar/data/21344/000002134421000008/0000021344-21-000008-index.htm,https://www.sec.gov/Archives/edgar/data/21344/000002134421000008/ko-20201231.htm
2024-07-27,CSCO,USD,0000858877,2024-09-05,2024-09-05 16:41:20,2024,FY,53803000000,18975000000,34828000000,0.6473244986,7983000000,2813000000,10364000000,13177000000,1487000000,22647000000,41622000000,1365000000,1006000000,2507000000,15747000000,0.2926788469,12181000000,0.2264000149,53000000,12234000000,0.2273850901,1914000000,10320000000,0.1918108656,2.55,2.54,4043000000,4062000000,https://www.sec.gov/Archives/edgar/data/858877/000085887724000017/0000858877-24-000017-index.htm,https://www.sec.gov/Archives/edgar/data/858877/000085887724000017/csco-20240727.htm
2023-07-29,CSCO,USD,0000858877,2023-09-07,2023-09-07 16:30:09,2023,FY,56998000000,21245000000,35753000000,0.6272676234,7551000000,2478000000,9880000000,12358000000,813000000,20722000000,41967000000,962000000,427000000,1726000000,17471000000,0.306519527,15031000000,0.2637110074,287000000,15318000000,0.2687462718,2705000000,12613000000,0.2212884663,3.08,3.07,4093000000,4105000000,https://www.sec.gov/Archives/edgar/data/858877/000085887723000023/0000858877-23-000023-index.htm,https://www.sec.gov/Archives/edgar/data/858877/000085887723000023/csco-20230729.htm
2022-07-30,CSCO,USD,0000858877,2022-09-08,2022-09-08 16:47:54,2022,FY,51557000000,19309000000,32248000000,0.6254824757,6774000000,2101000000,9085000000,11186000000,313000000,18273000000,37588000000,476000000,360000000,1957000000,16794000000,0.3257365634,13969000000,0.27094284,508000000,14477000000,0.2807960122,2665000000,11812000000,0.2291056501,2.83,2.82,4170000000,4192000000,https://www.sec.gov/Archives/edgar/data/858877/000085887722000013/0000858877-22-000013-index.htm,https://www.sec.gov/Archives/edgar/data/858877/000085887722000013/csco-20220730.htm
2021-07-31,CSCO,USD,0000858877,2021-09-09,2021-09-09 16:39:49,2021,FY,49818000000,17924000000,31894000000,0.6402103657,6549000000,2152000000,9259000000,11411000000,1101000000,19061000000,36985000000,618000000,434000000,1862000000,15558000000,0.3122967602,12833000000,0.2575976555,429000000,13262000000,0.2662090008,2671000000,10591000000,0.2125938416,2.51,2.5,4222000000,4236000000,https://www.sec.gov/Archives/edgar/data/858877/000085887721000013/0000858877-21-000013-index.htm,https://www.sec.gov/Archives/edgar/data/858877/000085887721000013/csco-20210731.htm
2020-07-25,CSCO,USD,0000858877,2020-09-03,2020-09-03 17:05:55,2020,FY,49301000000,17618000000,31683000000,0.6426441654,6347000000,1925000000,9169000000,11094000000,622000000,18063000000,35681000000,920000000,585000000,1808000000,16363000000,0.3318999615,13620000000,0.2762621448,350000000,13970000000,0.2833613923,2756000000,11214000000,0.2274598893,2.65,2.64,4236000000,4254000000,https://www.sec.gov/Archives/edgar/data/858877/000085887720000010/0000858877-20-000010-index.htm,https://www.sec.gov/Archives/edgar/data/858877/000085887720000010/csco-2020725x10k.htm
2024-12-31,VZ,USD,0000732712,2025-02-12,2025-02-12 10:19:07,2024,FY,134788000000,71989000000,62799000000,0.4659094281,0,0,0,32195000000,0,32195000000,104184000000,336000000,6653000000,17892000000,47524000000,0.352583316,30604000000,0.2270528534,-7625000000,22979000000,0.1704825355,5030000000,17506000000,0.1298780307,4.15,4.15,4218000000,4218000000,https://www.sec.gov/Archives/edgar/data/732712/000073271225000006/0000732712-25-000006-index.htm,https://www.sec.gov/Archives/edgar/data/732712/000073271225000006/vz-20241231.htm
2023-12-31,VZ,USD,0000732712,2024-02-09,2024-02-09 10:51:34,2023,FY,133974000000,72511000000,61463000000,0.4587681192,0,0,0,32632000000,0,32632000000,105143000000,354000000,5525000000,17624000000,40136000000,0.2995805156,28831000000,0.2151984713,-11844000000,16987000000,0.1267932584,4892000000,11614000000,0.0866884619,2.76,2.75,4211000000,4215000000,https://www.sec.gov/Archives/edgar/data/732712/000073271224000010/0000732712-24-000010-index.htm,https://www.sec.gov/Archives/edgar/data/732712/000073271224000010/vz-20231231.htm
2022-12-31,VZ,USD,0000732712,2023-02-10,2023-02-10 11:54:36,2022,FY,136835000000,76232000000,60603000000,0.4428910732,0,0,0,30136000000,0,30136000000,106368000000,146000000,3582000000,17099000000,48952000000,0.3577447291,30467000000,0.2226550225,-2196000000,28271000000,0.2066064969,6523000000,21256000000,0.1553403734,5.06,5.06,4202000000,4204000000,https://www.sec.gov/Archives/edgar/data/732712/000073271223000012/0000732712-23-000012-index.htm,https://www.sec.gov/Archives/edgar/data/732712/000073271223000012/vz-20221231.htm
2021-12-31,VZ,USD,0000732712,2022-02-11,2022-02-11 14:04:46,2021,FY,133613000000,72507000000,61106000000,0.4573357383,0,0,0,29141000000,0,29141000000,101648000000,48000000,3498000000,16206000000,49124000000,0.3676588356,31965000000,0.2392357031,-2545000000,29420000000,0.2201881553,6802000000,22065000000,0.1651411165,5.32,5.32,4148000000,4150000000,https://www.sec.gov/Archives/edgar/data/732712/000073271222000008/0000732712-22-000008-index.htm,https://www.sec.gov/Archives/edgar/data/732712/000073271222000008/vz-20211231.htm
2020-12-31,VZ,USD,0000732712,2021-02-25,2021-02-25 14:08:10,2020,FY,128292000000,67921000000,60371000000,0.4705749384,0,0,0,30504000000,0,30504000000,98425000000,65000000,4274000000,16720000000,44961000000,0.3504583294,29867000000,0.2328048514,-5900000000,23967000000,0.1868160135,5619000000,17801000000,0.1387537804,4.3,4.3,4140000000,4142000000,https://www.sec.gov/Archives/edgar/data/732712/000073271221000012/0000732712-21-000012-index.htm,https://www.sec.gov/Archives/edgar/data/732712/000073271221000012/vz-20201231.htm
